1,1,1,62000,"0,40274","0,8587119410407327","0,5492090042274373"
2,1,1,52000,"0,53539","0,9363226827449513","0,6380329151507601"
3,1,1,42000,"0,62484","0,9718172457702163","0,6932999119216906"
1,1,2,64000,"0,34377","0,943792729177124","0,8923356373859479"
2,1,2,54000,"0,51","0,9866065900907393","1,0447724046847662"
3,1,2,44000,"0,61567","0,9971875647600222","1,116907624469052"
1,1,3,66000,"0,32259","0,9753382452106508","1,2642338647195366"
2,1,3,56000,"0,50691","0,9971245631446347","1,4647200658702535"
3,1,3,46000,"0,61515","0,9996748094212853","1,5475990954648826"
1,1,4,68000,"0,31657","0,9902232304383148","1,6571106275875287"
2,1,4,58000,"0,50476","0,9994405740671433","1,899644612576773"
3,1,4,48000,"0,61363","0,9999624929567603","1,98503256654199"
1,1,5,70000,"0,30787","0,9952279782351783","2,0636533796627967"
2,1,5,60000,"0,50352","0,9998922404268971","2,338976882498014"
3,1,5,50000,"0,61495","0,9999924003006916","2,4139721261365206"
1,1,6,72000,"0,30602","0,9972895420030486","2,4911499220760533"
2,1,6,62000,"0,50416","0,999937882492231","2,765876597934234"
3,1,6,52000,"0,61432","0,9999949407995554","2,8521488667127666"
1,1,7,74000,"0,30519","0,9986100145549639","2,9246441921325674"
2,1,7,64000,"0,50285","0,9999661340643629","3,2050218278524167"
3,1,7,54000,"0,61508","0,9999949297075059","3,279817709906869"
1,1,8,76000,"0,30669","0,9996592573459797","3,3445674696248346"
2,1,8,66000,"0,50584","0,9999880156209866","3,6251149324329686"
3,1,8,56000,"0,61293","0,9999936856395678","3,7332515394866"
1,1,9,78000,"0,31009","0,9998182284217284","3,7738104678728255"
2,1,9,68000,"0,50442","0,999994839002641","4,0626494364483134"
3,1,9,58000,"0,61634","0,9999731307588494","4,135229990197097"
1,1,10,80000,"0,30279","0,9999552454977598","4,229825777324469"
2,1,10,70000,"0,50318","0,999989334409481","4,50783097557884"
3,1,10,60000,"0,61493","0,9999984059993577","4,582423070653667"
1,1,11,82000,"0,30683","0,9999103662917238","4,632122462952505"
2,1,11,72000,"0,50271","0,9999988147415874","4,944746147261479"
3,1,11,62000,"0,61555","0,9999918950061883","5,005376545501575"
1,1,12,84000,"0,30752","0,9999522692426522","5,079543277608212"
2,1,12,74000,"0,50406","0,9999744413083702","5,367769247957637"
3,1,12,64000,"0,6137","0,9999722134909899","5,461066708781629"
1,1,13,86000,"0,30667","0,9999903285617303","5,511148649216711"
2,1,13,76000,"0,50276","0,9999846835011231","5,817611143342462"
3,1,13,66000,"0,6147","0,9999909854799053","5,882064739065827"
1,1,14,88000,"0,30682","0,9999659490571846","5,947173427299156"
2,1,14,78000,"0,50241","0,9999856211001155","6,258021373571061"
3,1,14,68000,"0,61632","0,9999851964258545","6,288673267223738"
1,1,15,90000,"0,3067","0,9999962187679913","6,374794635458262"
2,1,15,80000,"0,50227","0,9999872670673728","6,693812212814843"
3,1,15,70000,"0,61545","0,9999955607129276","6,733917461174744"
1,1,16,92000,"0,30608","0,9999842731512804","6,819146566084496"
2,1,16,82000,"0,50626","0,9999935163507706","7,076791728966025"
3,1,16,72000,"0,61378","0,9999872900682536","7,196101351834107"
1,1,17,94000,"0,30764","0,9999839141455737","7,2322631339049925"
2,1,17,84000,"0,50429","0,9999829782727034","7,530819121548822"
3,1,17,74000,"0,61488","0,9999847618692936","7,609067216705912"
1,1,18,96000,"0,30542","0,9999932811320927","7,682201981880681"
2,1,18,86000,"0,50282","0,9999828302591713","7,993463156259401"
3,1,18,76000,"0,61463","0,999993812922037","8,048484387044047"
1,1,19,98000,"0,30148","0,9999913257256752","8,14932958038687"
2,1,19,88000,"0,50469","0,9999958648752244","8,396347531851507"
3,1,19,78000,"0,6129","0,9999900425583573","8,520443283530222"
1,1,20,100000,"0,30635","0,9999932402564293","8,548406997208197"
2,1,20,90000,"0,50502","0,9999900135372845","8,82145906391217"
3,1,20,80000,"0,61489","0,9999678720187232","8,906679932030473"
1,2,1,122000,"0,14307","0,6149416479371341","0,5982028980293996"
2,2,1,102000,"0,25004","0,7550763687563427","0,7648013217916736"
3,2,1,82000,"0,34587","0,8438750279503676","0,887300695136883"
1,2,2,124000,"0,07023","0,6688816060976759","0,7161983238279231"
2,2,2,104000,"0,16987","0,8344073877583618","0,99828637099403"
3,2,2,84000,"0,28718","0,9254897209197624","1,2028794931398445"
1,2,3,126000,"0,03406","0,6965506295757707","0,8069816290121015"
2,2,3,106000,"0,12909","0,8747057457526445","1,2285537775512334"
3,2,3,86000,"0,25845","0,9599976391368666","1,5532193726078567"
1,2,4,128000,"0,01869","0,7088979195600471","0,8673462755180977"
2,2,4,108000,"0,1039","0,9006738940240996","1,4587353085551347"
3,2,4,88000,"0,24607","0,9773353058843937","1,9198388598677723"
1,2,5,130000,"0,009","0,7139645704486361","0,9054265655652419"
2,2,5,110000,"0,08602","0,9191081740441491","1,690132117291608"
3,2,5,90000,"0,2369","0,9875613211352716","2,304662350524577"
1,2,6,132000,"0,00492","0,7186668945614887","0,9337374545992381"
2,2,6,112000,"0,07559","0,9302400536226323","1,9091439128263656"
3,2,6,92000,"0,23273","0,9919151475800455","2,70119559019197"
1,2,7,134000,"0,00295","0,7158333478501994","0,9451634314611449"
2,2,7,114000,"0,06993","0,9406483382622758","2,152533471224701"
3,2,7,94000,"0,23131","0,9950000411997436","3,1192379833899135"
1,2,8,136000,"0,00126","0,7179073218202267","0,9564787943240942"
2,2,8,116000,"0,0594","0,9495594712650315","2,3810027802788367"
3,2,8,96000,"0,22771","0,9971306329800926","3,518402711923405"
1,2,9,138000,"8,4E-4","0,7221047547209294","0,962107439910509"
2,2,9,118000,"0,05375","0,955091161023842","2,619849498238482"
3,2,9,98000,"0,22801","0,9988677949417635","3,9763835150427"
1,2,10,140000,"4,2E-4","0,7164859763452459","0,9667872119516829"
2,2,10,120000,"0,0485","0,9569787321428109","2,832836138899375"
3,2,10,100000,"0,22791","0,9990845426896874","4,39841532496719"
1,2,11,142000,"3,0E-4","0,7200582174063233","0,9704224658967834"
2,2,11,122000,"0,04667","0,9619762935657024","3,0888443242226877"
3,2,11,102000,"0,23102","0,9994373029304184","4,799486634543608"
1,2,12,144000,"1,0E-4","0,7157181928701146","0,967814077466304"
2,2,12,124000,"0,04031","0,9641872886173608","3,2832202713925467"
3,2,12,104000,"0,22762","0,9997672666030621","5,238676419796311"
1,2,13,146000,"1,0E-5","0,7177651171992261","0,9665232938337892"
2,2,13,126000,"0,03882","0,9678631674090441","3,5186195244031535"
3,2,13,106000,"0,23011","0,9997887494653852","5,68257906771772"
1,2,14,148000,"3,0E-5","0,7198294839991897","0,9692495473888932"
2,2,14,128000,"0,03413","0,9716957292480162","3,745877132902305"
3,2,14,108000,"0,22673","0,9997822438623449","6,098493949073334"
1,2,15,150000,"4,0E-5","0,7176363157233216","0,9755796768278515"
2,2,15,130000,"0,03411","0,9730986613159631","4,073631008311482"
3,2,15,110000,"0,22723","0,9999528471744126","6,5361015242984255"
1,2,16,152000,"0,0","0,7202398831417518","0,9649122180492041"
2,2,16,132000,"0,03064","0,9738332591424528","4,19012153502651"
3,2,16,112000,"0,22922","0,9999831057313853","6,980708626349361"
1,2,17,154000,"0,0","0,7212686631871148","0,968999762725595"
2,2,17,134000,"0,02977","0,9728475735276723","4,371832880221219"
3,2,17,114000,"0,22777","0,9999384913394853","7,415418241848606"
1,2,18,156000,"0,0","0,7194347781401296","0,9751157942064872"
2,2,18,136000,"0,03032","0,97655040776727","4,664156408279141"
3,2,18,116000,"0,22772","0,9999413432249629","7,850815724569387"
1,2,19,158000,"0,0","0,7177620588607077","0,9646849894160103"
2,2,19,138000,"0,02962","0,9796682002503897","4,99541910947828"
3,2,19,118000,"0,23054","0,9999686122380465","8,27880317677719"
1,2,20,160000,"0,0","0,7189794071373423","0,9656637467087933"
2,2,20,140000,"0,02789","0,9807433230272578","5,306867275612175"
3,2,20,120000,"0,22603","0,9999132729693105","8,706776179142944"
1,3,1,182000,"0,04785","0,4580625753797021","0,6151198640547045"
2,3,1,152000,"0,105","0,6008291948186113","0,8286490082750985"
3,3,1,122000,"0,17859","0,7114803494255572","1,0015919495151806"
1,3,2,184000,"0,01456","0,47317019229096924","0,6502949154483583"
2,3,2,154000,"0,05031","0,639693981553565","0,9255544904741904"
3,3,2,124000,"0,10799","0,7695157044110865","1,1841213258983967"
1,3,3,186000,"0,00411","0,47778665570546036","0,6643586124140108"
2,3,3,156000,"0,02296","0,655109403651977","0,9917889675240559"
3,3,3,126000,"0,07278","0,8019175843678236","1,342544560874321"
1,3,4,188000,"8,7E-4","0,47976929524408446","0,6700295633032275"
2,3,4,158000,"0,01151","0,6631404970539082","1,0305833790284515"
3,3,4,128000,"0,04763","0,8221356737934881","1,4816659377470478"
1,3,5,190000,"3,4E-4","0,4792978181534174","0,6719076013003134"
2,3,5,160000,"0,00526","0,6682481746066661","1,0554316260766383"
3,3,5,130000,"0,03117","0,8363381781849393","1,5967002619820685"
1,3,6,192000,"8,0E-5","0,47763296158333307","0,6718828591855939"
2,3,6,162000,"0,00259","0,6719621850808437","1,0740439762609293"
3,3,6,132000,"0,02456","0,8423929202920625","1,7002259362575036"
1,3,7,194000,"5,0E-5","0,48182423147299014","0,6754946995427084"
2,3,7,164000,"0,0012","0,6701443713111607","1,083833654779418"
3,3,7,134000,"0,01709","0,8481625903587506","1,8006584885385395"
1,3,8,196000,"2,0E-5","0,4797487367139861","0,6723414652268149"
2,3,8,166000,"7,4E-4","0,6759608464720247","1,0903386671436655"
3,3,8,136000,"0,01169","0,8521612963940859","1,8362994101753944"
1,3,9,198000,"0,0","0,4792000267826139","0,6726114779348509"
2,3,9,168000,"1,8E-4","0,6711282016262808","1,074848305351077"
3,3,9,138000,"0,00921","0,8553739351900217","1,9071465996896226"
1,3,10,200000,"0,0","0,48163408105105177","0,6739499939303758"
2,3,10,170000,"1,0E-4","0,6737770307415984","1,087727605458842"
3,3,10,140000,"0,00683","0,8587755669577781","1,9578417722299843"
1,3,11,202000,"0,0","0,47855353534622536","0,6728219330699812"
2,3,11,172000,"9,0E-5","0,6740012264902254","1,0934527980353392"
3,3,11,142000,"0,00503","0,8580650796372056","2,007731655066691"
1,3,12,204000,"0,0","0,4789636764197845","0,6739621495534366"
2,3,12,174000,"0,0","0,6734414229721238","1,0898190035068072"
3,3,12,144000,"0,00371","0,8595223290709441","2,0432904997622305"
1,3,13,206000,"0,0","0,4798456498999477","0,673598945927232"
2,3,13,176000,"5,0E-5","0,6719649756950591","1,0931090950690707"
3,3,13,146000,"0,00328","0,8600564762643411","2,0461237430960404"
1,3,14,208000,"0,0","0,4790664771011615","0,672343499552355"
2,3,14,178000,"0,0","0,6728282377066659","1,0859940182156091"
3,3,14,148000,"0,00253","0,8621203554205857","2,1216446915829925"
1,3,15,210000,"0,0","0,47716908297389343","0,6720661055687568"
2,3,15,180000,"3,0E-5","0,6716945363432122","1,0887295695722423"
3,3,15,150000,"0,00194","0,8599676788910099","2,124530170107936"
1,3,16,212000,"0,0","0,4800261132296777","0,6740004948418762"
2,3,16,182000,"0,0","0,6714268683900304","1,0793273882542926"
3,3,16,152000,"6,8E-4","0,8605348549862871","2,0943622782931883"
1,3,17,214000,"0,0","0,48124107610344885","0,6735754078133601"
2,3,17,184000,"0,0","0,6705810553077122","1,0785351049886511"
3,3,17,154000,"5,4E-4","0,8609112142361471","2,086608992954137"
1,3,18,216000,"0,0","0,48177291807685485","0,6739736960370141"
2,3,18,186000,"0,0","0,6710623271872556","1,0839872969542228"
3,3,18,156000,"5,7E-4","0,863897020994623","2,140977566099401"
1,3,19,218000,"0,0","0,4785110895895687","0,6717885285793774"
2,3,19,188000,"0,0","0,6709061994337912","1,0847269024065262"
3,3,19,158000,"3,6E-4","0,8628023429201991","2,1449461299183725"
1,3,20,220000,"0,0","0,48107991254626176","0,6745175421717973"
2,3,20,190000,"0,0","0,6739666417112277","1,0916967766519403"
3,3,20,160000,"2,7E-4","0,8628427044283099","2,1406206847396954"
1,4,1,242000,"0,01249","0,3550399221024205","0,6223422324338187"
2,4,1,202000,"0,03956","0,4831027597164283","0,8571768678607067"
3,4,1,162000,"0,08011","0,5970156136585751","1,0695623122961644"
1,4,2,244000,"0,00328","0,35837091520781883","0,6310196779975715"
2,4,2,204000,"0,0136","0,4967651767233534","0,8926778131658077"
3,4,2,164000,"0,03743","0,620396575611227","1,1522176191186315"
1,4,3,246000,"6,7E-4","0,3604206838115109","0,6339889912729082"
2,4,3,206000,"0,00433","0,5025044130471019","0,9093733620219817"
3,4,3,166000,"0,01845","0,6368624709874633","1,2071482750856368"
1,4,4,248000,"1,3E-4","0,3595514530482421","0,6344002058167372"
2,4,4,208000,"0,00156","0,5015812986684087","0,9149977310636245"
3,4,4,168000,"0,00755","0,6416508331838003","1,238914521109213"
1,4,5,250000,"2,0E-5","0,3599895293638168","0,6349636541806162"
2,4,5,210000,"3,9E-4","0,5056045606021813","0,9188803720828937"
3,4,5,170000,"0,00331","0,6447681840584594","1,2565191832476392"
1,4,6,252000,"0,0","0,3591012398437995","0,6342044638079942"
2,4,6,212000,"1,2E-4","0,5040005228395181","0,918242095232698"
3,4,6,172000,"0,00155","0,6456480241643103","1,265808359199781"
1,4,7,254000,"0,0","0,3594940622245762","0,6345563834221548"
2,4,7,214000,"0,0","0,5040020999649557","0,9178698729553033"
3,4,7,174000,"8,1E-4","0,6459961490183862","1,2723040290372125"
1,4,8,256000,"0,0","0,36122074916223096","0,6354200893199368"
2,4,8,216000,"0,0","0,5050150074680968","0,9185709087792892"
3,4,8,176000,"1,7E-4","0,6496147702887811","1,2761909119434394"
1,4,9,258000,"0,0","0,3600063731464919","0,6345366777781692"
2,4,9,218000,"0,0","0,5017698591159337","0,919493621574775"
3,4,9,178000,"1,6E-4","0,6485968519936489","1,276069846988773"
1,4,10,260000,"0,0","0,3602283728089368","0,6351474366571204"
2,4,10,220000,"0,0","0,5046002580995014","0,9181515285298595"
3,4,10,180000,"0,0","0,6468916558569721","1,2728669549852822"
1,4,11,262000,"0,0","0,35908858113742487","0,6348366777052021"
2,4,11,222000,"0,0","0,5062600232806191","0,9211971687799647"
3,4,11,182000,"1,0E-5","0,646772853839829","1,276506044463342"
1,4,12,264000,"0,0","0,3612363778219472","0,6349699679396227"
2,4,12,224000,"0,0","0,5047597140433073","0,919145710766442"
3,4,12,184000,"0,0","0,6488240527323349","1,2740194570670358"
1,4,13,266000,"0,0","0,3622627657196304","0,6357789306964302"
2,4,13,226000,"0,0","0,5052331588605761","0,9191797421350999"
3,4,13,186000,"0,0","0,6482540457648724","1,2791114720086785"
1,4,14,268000,"0,0","0,36151406701890115","0,6351896060819302"
2,4,14,228000,"0,0","0,5048993826493909","0,919995231098312"
3,4,14,188000,"0,0","0,6481326187451657","1,2771975041774197"
1,4,15,270000,"0,0","0,3605670591420674","0,6345296321812771"
2,4,15,230000,"0,0","0,5047961597519898","0,9196357138899981"
3,4,15,190000,"0,0","0,6483283447562651","1,282064749665332"
1,4,16,272000,"0,0","0,3596360320290977","0,6348188704527848"
2,4,16,232000,"0,0","0,5044583959189389","0,9202111036600932"
3,4,16,192000,"0,0","0,6494253570873286","1,279404069552499"
1,4,17,274000,"0,0","0,3598550090396293","0,6351833641603472"
2,4,17,234000,"0,0","0,5062064128785051","0,921446173177956"
3,4,17,194000,"0,0","0,6480290165317999","1,2753993731482636"
1,4,18,276000,"0,0","0,3582843318446763","0,6345433875612992"
2,4,18,236000,"0,0","0,5038591098087143","0,9198142383102488"
3,4,18,196000,"0,0","0,6481072306802184","1,2738635456911898"
1,4,19,278000,"0,0","0,35911390116229047","0,635136563857683"
2,4,19,238000,"0,0","0,5045064590250333","0,9190346449878527"
3,4,19,198000,"0,0","0,6455803271862501","1,2762425548359677"
1,4,20,280000,"0,0","0,35978530743647885","0,6345123410481751"
2,4,20,240000,"0,0","0,5022923145878235","0,9193885211581663"
3,4,20,200000,"0,0","0,6439557819528273","1,2724048173407976"
1,5,1,302000,"0,00287","0,28759524671779757","0,6245497693658303"
2,5,1,252000,"0,01252","0,39673183729854156","0,8688038541948432"
3,5,1,202000,"0,03239","0,5010725223342642","1,1031187169427696"
1,5,2,304000,"5,1E-4","0,28694154852229437","0,6265342523585715"
2,5,2,254000,"0,00325","0,4020185469345899","0,8814726326056707"
3,5,2,204000,"0,01239","0,512154785594227","1,1375905709916168"
1,5,3,306000,"1,2E-4","0,287790027345235","0,6272108072710663"
2,5,3,256000,"0,00102","0,40376867700348884","0,8851518582832496"
3,5,3,206000,"0,00452","0,5158050048375078","1,1530146321431862"
1,5,4,308000,"4,0E-5","0,28765904737370224","0,6265719138081021"
2,5,4,258000,"1,4E-4","0,40306779548771965","0,8856119520162843"
3,5,4,208000,"0,00135","0,5177298997813674","1,1591995118900886"
1,5,5,310000,"0,0","0,2877781374121053","0,6269451716658245"
2,5,5,260000,"5,0E-5","0,40222793793999384","0,8862457060245724"
3,5,5,210000,"6,4E-4","0,5180023380150582","1,162596841504213"
1,5,6,312000,"0,0","0,28795094649475733","0,6270578073985014"
2,5,6,262000,"0,0","0,4032317086282644","0,8859734395631199"
3,5,6,212000,"1,9E-4","0,5190893273660966","1,1647353427263738"
1,5,7,314000,"0,0","0,288496187603574","0,6273111003937075"
2,5,7,264000,"0,0","0,40323882358018925","0,8857069037980024"
3,5,7,214000,"1,0E-5","0,5180084818307751","1,1636983220958346"
1,5,8,316000,"0,0","0,2875469293625411","0,6266370328367618"
2,5,8,266000,"0,0","0,4037338503107959","0,8862621618440755"
3,5,8,216000,"2,0E-5","0,5204870568952025","1,1657432542160366"
1,5,9,318000,"0,0","0,2871285924395817","0,6271801745532981"
2,5,9,268000,"0,0","0,4021199966262426","0,8859299275924553"
3,5,9,218000,"0,0","0,5188481462669227","1,164798255450731"
1,5,10,320000,"0,0","0,287166033210027","0,6268476541372998"
2,5,10,270000,"0,0","0,4028026258818538","0,8867713905065052"
3,5,10,220000,"0,0","0,5194735515059834","1,165938935705379"
1,5,11,322000,"0,0","0,28868164377405187","0,6274623707098794"
2,5,11,272000,"0,0","0,40397773512345303","0,8867651249135253"
3,5,11,222000,"0,0","0,51815373366649","1,1654417741990026"
1,5,12,324000,"0,0","0,28769964658809494","0,6269301428014925"
2,5,12,274000,"0,0","0,4032431824367877","0,8865434568072301"
3,5,12,224000,"0,0","0,5180980965246327","1,1638083765474414"
1,5,13,326000,"0,0","0,28716414885877045","0,6269677765338696"
2,5,13,276000,"0,0","0,4023464490202625","0,8862951979455643"
3,5,13,226000,"0,0","0,5179705713882159","1,165394193429223"
1,5,14,328000,"0,0","0,28890282911777826","0,6266844353037424"
2,5,14,278000,"0,0","0,40197394493557204","0,8856898472193052"
3,5,14,228000,"0,0","0,516605375802749","1,165443715662748"
1,5,15,330000,"0,0","0,28702681408668684","0,6270740937437932"
2,5,15,280000,"0,0","0,4048233423000912","0,8859203218496469"
3,5,15,230000,"0,0","0,5178707086694694","1,164568132245222"
1,5,16,332000,"0,0","0,28889738521801334","0,6268157008592043"
2,5,16,282000,"0,0","0,40372662538646364","0,8862261309134394"
3,5,16,232000,"0,0","0,5183060166602208","1,1646779329364145"
1,5,17,334000,"0,0","0,28757207941432916","0,6269828794754938"
2,5,17,284000,"0,0","0,40337343118245217","0,8863132149608335"
3,5,17,234000,"0,0","0,5191836764964919","1,16455949262314"
1,5,18,336000,"0,0","0,2881170105522276","0,6270022449317437"
2,5,18,286000,"0,0","0,4022990151886062","0,8864340711821446"
3,5,18,236000,"0,0","0,5173006664202418","1,16472274548214"
1,5,19,338000,"0,0","0,2876328790335678","0,6268613915855734"
2,5,19,288000,"0,0","0,40244487203654805","0,8859807709006424"
3,5,19,238000,"0,0","0,5193103212458567","1,1648962324578869"
1,5,20,340000,"0,0","0,2870367532628272","0,6269080101326729"
2,5,20,290000,"0,0","0,40508840059477746","0,8871687339402256"
3,5,20,240000,"0,0","0,5169721213703958","1,1652437186689595"
1,6,1,362000,"6,2E-4","0,240267821676305","0,6248722904383527"
2,6,1,302000,"0,00367","0,33393362213537836","0,8737912062388318"
3,6,1,242000,"0,01196","0,42805445589712293","1,1166505290092206"
1,6,2,364000,"1,5E-4","0,24036207292948822","0,6255137244129101"
2,6,2,304000,"9,2E-4","0,33762441660767345","0,8765660869546478"
3,6,2,244000,"0,00399","0,43325758172891166","1,1297324051702862"
1,6,3,366000,"0,0","0,2395047576610195","0,6254161635314296"
2,6,3,306000,"2,7E-4","0,33698008147953556","0,8775523474459623"
3,6,3,246000,"0,001","0,431159045373082","1,134102952860443"
1,6,4,368000,"0,0","0,2400521883795266","0,6253976608614195"
2,6,4,308000,"3,0E-5","0,33691738253187964","0,8776894795266316"
3,6,4,248000,"3,6E-4","0,43272531115693247","1,1363787136803203"
1,6,5,370000,"0,0","0,23929436289756859","0,6250109007893437"
2,6,5,310000,"0,0","0,33604006426170563","0,8771624243517913"
3,6,5,250000,"1,2E-4","0,4331218306932039","1,1360538428733609"
1,6,6,372000,"0,0","0,24015047347585758","0,6256094442657109"
2,6,6,312000,"0,0","0,33579689441666777","0,8776918655202998"
3,6,6,252000,"5,0E-5","0,4323109276467109","1,1376779533372485"
1,6,7,374000,"0,0","0,2401593416916817","0,6253146549706324"
2,6,7,314000,"0,0","0,3367501103938171","0,8779648425964865"
3,6,7,254000,"0,0","0,43214469534737937","1,136079628903885"
1,6,8,376000,"0,0","0,23957630055388193","0,625353550636265"
2,6,8,316000,"0,0","0,3366538737612436","0,877820011913492"
3,6,8,256000,"0,0","0,4321833757889897","1,1359774051120999"
1,6,9,378000,"0,0","0,23968026939035258","0,6253189543005416"
2,6,9,318000,"0,0","0,33644952535667483","0,8776771360334544"
3,6,9,258000,"0,0","0,43151542133655574","1,136676478661121"
1,6,10,380000,"0,0","0,23938700537116575","0,6254513488034876"
2,6,10,320000,"0,0","0,33659143368662864","0,877957205369437"
3,6,10,260000,"0,0","0,43334421444589183","1,1363173613809865"
1,6,11,382000,"0,0","0,24001059658688537","0,6254540907369912"
2,6,11,322000,"0,0","0,3364608947461865","0,8779373776726037"
3,6,11,262000,"0,0","0,43161633099782243","1,1364657033045782"
1,6,12,384000,"0,0","0,23969255703950765","0,6251979327288676"
2,6,12,324000,"0,0","0,33615100176319257","0,8776720213077183"
3,6,12,264000,"0,0","0,4335357195831619","1,1364057541798802"
1,6,13,386000,"0,0","0,23999076129470423","0,625308510366983"
2,6,13,326000,"0,0","0,3359040405925571","0,8777947187268783"
3,6,13,266000,"0,0","0,432674633218686","1,136136476058903"
1,6,14,388000,"0,0","0,24034972799476226","0,6254161528436497"
2,6,14,328000,"0,0","0,33633599602310377","0,8778094282877966"
3,6,14,268000,"0,0","0,4325451317261202","1,1361565091629262"
1,6,15,390000,"0,0","0,24043945942119305","0,6253289183840834"
2,6,15,330000,"0,0","0,3352725205183158","0,8781583100099354"
3,6,15,270000,"0,0","0,43173606062233594","1,1366104007338447"
1,6,16,392000,"0,0","0,23989666297638526","0,6251999790774716"
2,6,16,332000,"0,0","0,33576352222025324","0,8772775393602453"
3,6,16,272000,"0,0","0,4327553701194085","1,1365118994185113"
1,6,17,394000,"0,0","0,23913725706602043","0,6251081385525938"
2,6,17,334000,"0,0","0,335598765149667","0,8778606073695826"
3,6,17,274000,"0,0","0,4312398847502623","1,1370043243405188"
1,6,18,396000,"0,0","0,24090679411380664","0,6251428507072191"
2,6,18,336000,"0,0","0,33613057236877203","0,8776118469592245"
3,6,18,276000,"0,0","0,4316824515502184","1,136950756853263"
1,6,19,398000,"0,0","0,23881252759518143","0,6253165850111345"
2,6,19,338000,"0,0","0,33701968835291884","0,8778496150513491"
3,6,19,278000,"0,0","0,43109430236739726","1,136220767591124"
1,6,20,400000,"0,0","0,24033980498085047","0,6255016919480026"
2,6,20,340000,"0,0","0,336524861433175","0,8772240950429206"
3,6,20,280000,"0,0","0,4318929081302418","1,136602325565952"
1,7,1,422000,"1,4E-4","0,20537500972440287","0,6250705437655514"
2,7,1,352000,"9,0E-4","0,28884633985780633","0,8742259503687341"
3,7,1,282000,"0,00397","0,36916403481760984","1,1223494803793792"
1,7,2,424000,"1,0E-5","0,20657266128776636","0,6250993194641931"
2,7,2,354000,"1,5E-4","0,28653132887359184","0,8749301346619549"
3,7,2,284000,"0,00106","0,36972551411226096","1,126565804887148"
1,7,3,426000,"0,0","0,20643926943703295","0,6251861044399423"
2,7,3,356000,"4,0E-5","0,2889104511884977","0,8758359193215492"
3,7,3,286000,"2,1E-4","0,369800303287941","1,1276683653705786"
1,7,4,428000,"0,0","0,20655906539964103","0,6253961201219421"
2,7,4,358000,"1,0E-5","0,28667704116731946","0,8758076486214986"
3,7,4,288000,"6,0E-5","0,3698095623594978","1,128195499299144"
1,7,5,430000,"0,0","0,20624485210111781","0,6248833196063507"
2,7,5,360000,"1,0E-5","0,28797252216630437","0,8754936229516114"
3,7,5,290000,"1,0E-5","0,3714668600973705","1,1283927482212903"
1,7,6,432000,"0,0","0,20558287942750564","0,6248893467814761"
2,7,6,362000,"0,0","0,28742288767296637","0,8757235761205153"
3,7,6,292000,"0,0","0,3702122734772226","1,127995212676406"
1,7,7,434000,"0,0","0,20615116671934133","0,6250337045364376"
2,7,7,364000,"0,0","0,28630791894655105","0,8754095138473905"
3,7,7,294000,"0,0","0,37146970629453574","1,1279628046852388"
1,7,8,436000,"0,0","0,20502468008760272","0,6248271450387428"
2,7,8,366000,"0,0","0,28747532188978775","0,8754645637415767"
3,7,8,296000,"0,0","0,37026986555518376","1,1280827166488647"
1,7,9,438000,"0,0","0,20629697113564333","0,6250475888512239"
2,7,9,368000,"0,0","0,28829006481964037","0,8754157329425343"
3,7,9,298000,"0,0","0,3708945806182823","1,128133789520918"
1,7,10,440000,"0,0","0,20562478466015982","0,6251745013690544"
2,7,10,370000,"0,0","0,288423633416014","0,8758679520676832"
3,7,10,300000,"0,0","0,37032053670418064","1,1286232323556886"
1,7,11,442000,"0,0","0,2067085870131168","0,6251319932321211"
2,7,11,372000,"0,0","0,28860145341097965","0,8751281901814035"
3,7,11,302000,"0,0","0,3712567280354922","1,1282190808027917"
1,7,12,444000,"0,0","0,20589434820144054","0,6248914711233396"
2,7,12,374000,"0,0","0,28818243449881004","0,8754799582247536"
3,7,12,304000,"0,0","0,3712209802861711","1,1281521529480996"
1,7,13,446000,"0,0","0,20555777338483397","0,6250792174007987"
2,7,13,376000,"0,0","0,288296916491206","0,8755740879604625"
3,7,13,306000,"0,0","0,3700734154744347","1,1284478890878782"
1,7,14,448000,"0,0","0,20655478571466332","0,6251912214634143"
2,7,14,378000,"0,0","0,28744220031853895","0,8756044585941435"
3,7,14,308000,"0,0","0,36996061275371106","1,1280586469293734"
1,7,15,450000,"0,0","0,20611901304350164","0,6253330255878676"
2,7,15,380000,"0,0","0,2884728405771682","0,8758939272205977"
3,7,15,310000,"0,0","0,3704123172894838","1,1285177233147705"
1,7,16,452000,"0,0","0,20592259010299516","0,6250761746368659"
2,7,16,382000,"0,0","0,28830234176665614","0,8759879417230642"
3,7,16,312000,"0,0","0,37065359994156777","1,1279757851258922"
1,7,17,454000,"0,0","0,20519817253097766","0,6251863874532471"
2,7,17,384000,"0,0","0,28818691947547626","0,8754212502384314"
3,7,17,314000,"0,0","0,36960761358694605","1,12776956817341"
1,7,18,456000,"0,0","0,20599366395582566","0,6253892616366074"
2,7,18,386000,"0,0","0,28803649759747746","0,8758106065220518"
3,7,18,316000,"0,0","0,37041092356342853","1,128457614132634"
1,7,19,458000,"0,0","0,20621139810497513","0,6247396126552973"
2,7,19,388000,"0,0","0,2876198554946593","0,8758154222192346"
3,7,19,318000,"0,0","0,37136066741481294","1,1281161476624042"
1,7,20,460000,"0,0","0,20528755558253425","0,6251058060461726"
2,7,20,390000,"0,0","0,2885179678992384","0,8756517228424602"
3,7,20,320000,"0,0","0,37064982656631046","1,1280748022591547"
1,8,1,482000,"2,0E-5","0,17987663366400403","0,6250691798025432"
2,8,1,402000,"1,9E-4","0,25209667080324505","0,8755464295986932"
3,8,1,322000,"0,00104","0,3232655394696824","1,1243192171337475"
1,8,2,484000,"0,0","0,17980039735678194","0,624778918741477"
2,8,2,404000,"4,0E-5","0,2515716869811371","0,8749790134699261"
3,8,2,324000,"3,2E-4","0,3229908804861556","1,1253024603798807"
1,8,3,486000,"1,0E-5","0,18014483904195222","0,6250580720968849"
2,8,3,406000,"3,0E-5","0,2527837455745485","0,8754602268497652"
3,8,3,326000,"8,0E-5","0,32510021373092807","1,1254828839178044"
1,8,4,488000,"0,0","0,18035196160184375","0,6251003040087482"
2,8,4,408000,"0,0","0,25169538391666085","0,8747365567321438"
3,8,4,328000,"1,0E-5","0,3234487236574485","1,1258635090094395"
1,8,5,490000,"0,0","0,18016795852022133","0,6251192807704682"
2,8,5,410000,"0,0","0,2518198393678592","0,8749037395591205"
3,8,5,330000,"0,0","0,32494330993968457","1,1262127350582083"
1,8,6,492000,"0,0","0,1797387382987497","0,6248339244182429"
2,8,6,412000,"0,0","0,251765345657715","0,8750479659367731"
3,8,6,332000,"0,0","0,3247342007254908","1,1258561874946724"
1,8,7,494000,"0,0","0,17901203444498653","0,6249249790881255"
2,8,7,414000,"0,0","0,25180099273285955","0,8753835037170243"
3,8,7,334000,"0,0","0,32319645178312584","1,1256012753064037"
1,8,8,496000,"0,0","0,17983083715136666","0,6254751095797343"
2,8,8,416000,"0,0","0,2525531439638246","0,8752970999983944"
3,8,8,336000,"0,0","0,32466336980482857","1,1260289315680807"
1,8,9,498000,"0,0","0,17976564696515443","0,6248150228783197"
2,8,9,418000,"0,0","0,2526181819541023","0,8749710653871587"
3,8,9,338000,"0,0","0,3248933554408741","1,1258252769172332"
1,8,10,500000,"0,0","0,1800326866785895","0,625236679342516"
2,8,10,420000,"0,0","0,25123677155154484","0,8751988012032889"
3,8,10,340000,"0,0","0,3232436695411473","1,1257452168661752"
1,8,11,502000,"0,0","0,17942183955164362","0,6249424992537209"
2,8,11,422000,"0,0","0,25112659616658617","0,8748186070072287"
3,8,11,342000,"0,0","0,3230963976964891","1,1257294274900005"
1,8,12,504000,"0,0","0,18009550587346396","0,6249152893248936"
2,8,12,424000,"0,0","0,2526271940093306","0,8752615985592198"
3,8,12,344000,"0,0","0,3227633684602405","1,1259343427604214"
1,8,13,506000,"0,0","0,17994304494271746","0,6252058621423043"
2,8,13,426000,"0,0","0,25249194982595174","0,8750523354769999"
3,8,13,346000,"0,0","0,3227642380103181","1,1256988495814224"
1,8,14,508000,"0,0","0,1801193142409398","0,6250600939771677"
2,8,14,428000,"0,0","0,25100920264959026","0,8752617418715035"
3,8,14,348000,"0,0","0,3227078572694848","1,1259442831462791"
1,8,15,510000,"0,0","0,17892183840545786","0,6251340751047721"
2,8,15,430000,"0,0","0,2511460507440211","0,8747749274239125"
3,8,15,350000,"0,0","0,3239728817260384","1,1256364956059033"
1,8,16,512000,"0,0","0,1797685362537236","0,6248299189757482"
2,8,16,432000,"0,0","0,2516601119827854","0,8751169121681288"
3,8,16,352000,"0,0","0,3241430967050528","1,1262087954423503"
1,8,17,514000,"0,0","0,18055085284658487","0,6246897801807932"
2,8,17,434000,"0,0","0,251226430689815","0,8747485817103476"
3,8,17,354000,"0,0","0,32325638399616907","1,1253580058218657"
1,8,18,516000,"0,0","0,1799969584841894","0,6253181536669329"
2,8,18,436000,"0,0","0,25215173100519606","0,8750070759529173"
3,8,18,356000,"0,0","0,3238526968758475","1,1258100599142853"
1,8,19,518000,"0,0","0,1800528441366256","0,6247307456155218"
2,8,19,438000,"0,0","0,25162969789577944","0,8750837719978801"
3,8,19,358000,"0,0","0,32479626987756277","1,1257452159121697"
1,8,20,520000,"0,0","0,17998990478719157","0,6253990592261285"
2,8,20,440000,"0,0","0,2516053162856585","0,8753017226525075"
3,8,20,360000,"0,0","0,32333049690348437","1,1257461303633682"
1,9,1,542000,"0,0","0,16002394558917285","0,6246623497249935"
2,9,1,452000,"4,0E-5","0,22453813206769752","0,8755223397494499"
3,9,1,362000,"2,4E-4","0,28629681435286264","1,1251849228000876"
1,9,2,544000,"0,0","0,16042784705100507","0,6249551649788513"
2,9,2,454000,"0,0","0,22351421302615482","0,8750150357656546"
3,9,2,364000,"7,0E-5","0,28827783137366975","1,1248379574685472"
1,9,3,546000,"0,0","0,16011682259665372","0,6250708122304005"
2,9,3,456000,"0,0","0,22327018303311588","0,8753816820737065"
3,9,3,366000,"1,0E-5","0,2881826673048143","1,1252975328822354"
1,9,4,548000,"0,0","0,15965003223758958","0,6250070814308472"
2,9,4,458000,"0,0","0,22324149916434383","0,8747399775944648"
3,9,4,368000,"0,0","0,2867095540739518","1,1251074443210092"
1,9,5,550000,"0,0","0,15974965846381786","0,6247937396881844"
2,9,5,460000,"0,0","0,22353511016306488","0,8751701074780868"
3,9,5,370000,"0,0","0,2886331950102753","1,1254043336897135"
1,9,6,552000,"0,0","0,1599100905863678","0,6250719038004261"
2,9,6,462000,"0,0","0,22438585434633232","0,8756529686408627"
3,9,6,372000,"0,0","0,2862912026675185","1,1251783120436356"
1,9,7,554000,"0,0","0,1598895505081144","0,6252600246823529"
2,9,7,464000,"0,0","0,22408725317085876","0,8751582453668755"
3,9,7,374000,"0,0","0,2871985335090169","1,1252533115057883"
1,9,8,556000,"0,0","0,1596682253632333","0,6249006897085417"
2,9,8,466000,"0,0","0,22427538692936175","0,8750351459833415"
3,9,8,376000,"0,0","0,28720233213957036","1,1247440622837894"
1,9,9,558000,"0,0","0,1601907191843766","0,6250049071429066"
2,9,9,468000,"0,0","0,22342146581998643","0,8750287791549286"
3,9,9,378000,"0,0","0,28770868894516316","1,1250623864175642"
1,9,10,560000,"0,0","0,1600935406339872","0,6249977492689353"
2,9,10,470000,"0,0","0,22432049362921141","0,8748995155395778"
3,9,10,380000,"0,0","0,2874706733940206","1,1252905757509146"
1,9,11,562000,"0,0","0,15974992560445583","0,6246262691583683"
2,9,11,472000,"0,0","0,22365141802542732","0,8750800986452483"
3,9,11,382000,"0,0","0,2881766392600209","1,1251796197139052"
1,9,12,564000,"0,0","0,15918832600042113","0,6248443345580519"
2,9,12,474000,"0,0","0,22541307871891064","0,8748498642112981"
3,9,12,384000,"0,0","0,287448558904349","1,125203585605495"
1,9,13,566000,"0,0","0,16012579604061267","0,6255143362004129"
2,9,13,476000,"0,0","0,2236801196487044","0,8750201690349361"
3,9,13,386000,"0,0","0,2872153048262175","1,1257377113368319"
1,9,14,568000,"0,0","0,159385414452543","0,6247549970711856"
2,9,14,478000,"0,0","0,2237047170970536","0,8748859895207683"
3,9,14,388000,"0,0","0,28773596129877654","1,1250887657852886"
1,9,15,570000,"0,0","0,16032569220876802","0,6249818644208235"
2,9,15,480000,"0,0","0,2239484328871097","0,8750886499196605"
3,9,15,390000,"0,0","0,28852753793037234","1,124905716385751"
1,9,16,572000,"0,0","0,15910132111591552","0,6248124109674784"
2,9,16,482000,"0,0","0,22440358074354372","0,8750212338093212"
3,9,16,392000,"0,0","0,286568663051445","1,1253305445130637"
1,9,17,574000,"0,0","0,15955067300340647","0,6248232032182052"
2,9,17,484000,"0,0","0,224532818219778","0,8750199612836627"
3,9,17,394000,"0,0","0,2881782766824339","1,125456857719005"
1,9,18,576000,"0,0","0,15892613205897335","0,6249816862559857"
2,9,18,486000,"0,0","0,22436252442225374","0,8749344558145928"
3,9,18,396000,"0,0","0,28817662290344026","1,1250292603729988"
1,9,19,578000,"0,0","0,15933493824454575","0,6248506790494228"
2,9,19,488000,"0,0","0,22432424947512272","0,8751272216722299"
3,9,19,398000,"0,0","0,287633622482361","1,125487361431615"
1,9,20,580000,"0,0","0,16030557204294107","0,6253153550861672"
2,9,20,490000,"0,0","0,22391143730347368","0,874793815020764"
3,9,20,400000,"0,0","0,287506921927539","1,1250117740239178"
1,10,1,602000,"0,0","0,1443486034314764","0,6249986758182581"
2,10,1,502000,"2,0E-5","0,20076178589462784","0,8743056636160424"
3,10,1,402000,"9,0E-5","0,25889007968417993","1,1250227670807977"
1,10,2,604000,"0,0","0,1441397572250494","0,6249939248817088"
2,10,2,504000,"0,0","0,20138886593276245","0,87483546861765"
3,10,2,404000,"2,0E-5","0,2582585835886177","1,125042536112411"
1,10,3,606000,"0,0","0,1443625148014746","0,6252849853729225"
2,10,3,506000,"0,0","0,20041454969846667","0,8753386823491333"
3,10,3,406000,"0,0","0,25937216952201","1,124628756690686"
1,10,4,608000,"0,0","0,1438888573250239","0,6254098241107441"
2,10,4,508000,"0,0","0,20152803695659732","0,8750881666547669"
3,10,4,408000,"0,0","0,2591233097220663","1,124979128143301"
1,10,5,610000,"0,0","0,1437723167091975","0,6247556566017279"
2,10,5,510000,"0,0","0,20064980481697972","0,874720556525644"
3,10,5,410000,"0,0","0,2590876504745079","1,1254688756063336"
1,10,6,612000,"0,0","0,14443329007081623","0,6250491597576343"
2,10,6,512000,"0,0","0,20225560058287204","0,8750049236848654"
3,10,6,412000,"0,0","0,25835410787259533","1,1256493331602597"
1,10,7,614000,"0,0","0,14384979440370932","0,6248218209592067"
2,10,7,514000,"0,0","0,20108170487569116","0,8748015924742489"
3,10,7,414000,"0,0","0,25787622607373273","1,1249896412360643"
1,10,8,616000,"0,0","0,1436813052245193","0,6246250683175738"
2,10,8,516000,"0,0","0,20117508216179444","0,8747060090645845"
3,10,8,416000,"0,0","0,25945532870746535","1,125700393575655"
1,10,9,618000,"0,0","0,14372601467585192","0,6250669259755338"
2,10,9,518000,"0,0","0,20213725128321286","0,8754225487147865"
3,10,9,418000,"0,0","0,2591702926468342","1,1254491410630847"
1,10,10,620000,"0,0","0,14417494414486595","0,6248645706283342"
2,10,10,520000,"0,0","0,20148075251969272","0,8751881507742498"
3,10,10,420000,"0,0","0,25835445182199535","1,1252402755931792"
1,10,11,622000,"0,0","0,1441114313939805","0,6251412641136045"
2,10,11,522000,"0,0","0,20115804814222976","0,8745575405417396"
3,10,11,422000,"0,0","0,2579740486666028","1,1250794511416808"
1,10,12,624000,"0,0","0,14382329651488046","0,6247411980322894"
2,10,12,524000,"0,0","0,20088480373673545","0,8747017503841987"
3,10,12,424000,"0,0","0,25869434045831213","1,1253606284732538"
1,10,13,626000,"0,0","0,14401611445826867","0,6253118398635037"
2,10,13,526000,"0,0","0,2011620965799234","0,8745252698712795"
3,10,13,426000,"0,0","0,2601961817363564","1,1249831217197916"
1,10,14,628000,"0,0","0,1434859715552242","0,6251602830173644"
2,10,14,528000,"0,0","0,20213153848511908","0,8751265850739878"
3,10,14,428000,"0,0","0,25768593995886935","1,1250427116473904"
1,10,15,630000,"0,0","0,14400211240223124","0,6249737065855893"
2,10,15,530000,"0,0","0,2015629009494848","0,8753794415468092"
3,10,15,430000,"0,0","0,26036192983144757","1,1251785311795175"
1,10,16,632000,"0,0","0,14325669697309482","0,6253960056194967"
2,10,16,532000,"0,0","0,2026257265959444","0,8748588278169953"
3,10,16,432000,"0,0","0,2602491931980634","1,1250058563202543"
1,10,17,634000,"0,0","0,14403465088574402","0,6249717216284167"
2,10,17,534000,"0,0","0,20212289348896112","0,8752315393924152"
3,10,17,434000,"0,0","0,25955352708761864","1,1249303916106417"
1,10,18,636000,"0,0","0,143319447168812","0,6254189972758981"
2,10,18,536000,"0,0","0,20167391369639093","0,8750430459438948"
3,10,18,436000,"0,0","0,2585720499950773","1,1247519514512583"
1,10,19,638000,"0,0","0,1437965285187883","0,6250164369376706"
2,10,19,538000,"0,0","0,20153193078567083","0,8749966956964811"
3,10,19,438000,"0,0","0,26009806780574224","1,1253242826584349"
1,10,20,640000,"0,0","0,14420644111221895","0,6249015363621773"
2,10,20,540000,"0,0","0,2011631322658031","0,8751474765706775"
3,10,20,440000,"0,0","0,2590083042786451","1,1248244692449012"
1,11,1,662000,"0,0","0,1310420162349223","0,6246937566007773"
2,11,1,552000,"0,0","0,18231864877807594","0,8752812270119855"
3,11,1,442000,"7,0E-5","0,2359636247331923","1,125306254286525"
1,11,2,664000,"0,0","0,13086158340588808","0,6251647642264562"
2,11,2,554000,"0,0","0,1831958272192652","0,8750675070140319"
3,11,2,444000,"1,0E-5","0,23523376446005342","1,1248428016946805"
1,11,3,666000,"0,0","0,1308422285488606","0,6248743864398691"
2,11,3,556000,"0,0","0,18300423389080908","0,8749202864043115"
3,11,3,446000,"0,0","0,23524034856507237","1,1251073628297426"
1,11,4,668000,"0,0","0,13048772254532015","0,6253673374231838"
2,11,4,558000,"0,0","0,18415938949877322","0,8751203009282915"
3,11,4,448000,"0,0","0,2352750313314355","1,1246379854436914"
1,11,5,670000,"0,0","0,13115601995628917","0,6247767935875139"
2,11,5,560000,"0,0","0,18253880089822994","0,8752615207705631"
3,11,5,450000,"0,0","0,23605279311715813","1,12470117403997"
1,11,6,672000,"0,0","0,13047352528841716","0,6243812042029508"
2,11,6,562000,"0,0","0,1826219545452023","0,8751711190345068"
3,11,6,452000,"0,0","0,23609501362553328","1,125005878869399"
1,11,7,674000,"0,0","0,13144266022672024","0,6252521672897573"
2,11,7,564000,"0,0","0,18393280918740842","0,8751825201166761"
3,11,7,454000,"0,0","0,23598972574989105","1,125078142758478"
1,11,8,676000,"0,0","0,13072883877258745","0,6249419003034945"
2,11,8,566000,"0,0","0,18301532541861684","0,8749533863682623"
3,11,8,456000,"0,0","0,23693446272376784","1,1250954931186077"
1,11,9,678000,"0,0","0,13069381266226385","0,6251084246406063"
2,11,9,568000,"0,0","0,1828897488101272","0,8747969221299279"
3,11,9,458000,"0,0","0,23578773154604257","1,1249544679775212"
1,11,10,680000,"0,0","0,13086340198165167","0,6246816483321714"
2,11,10,570000,"0,0","0,18344996086553172","0,8754853377601365"
3,11,10,460000,"0,0","0,23454599259987233","1,1248611523334504"
1,11,11,682000,"0,0","0,131019843732082","0,6249394077391579"
2,11,11,572000,"0,0","0,18268207084277607","0,8749005765304548"
3,11,11,462000,"0,0","0,23566675860811542","1,1245316846659763"
1,11,12,684000,"0,0","0,13120768616871692","0,6245861140403962"
2,11,12,574000,"0,0","0,1832383149273982","0,8749807724234365"
3,11,12,464000,"0,0","0,23585517889060356","1,1248108541303639"
1,11,13,686000,"0,0","0,1314203772358009","0,6248159011384775"
2,11,13,576000,"0,0","0,18329154281206758","0,8750066506019657"
3,11,13,466000,"0,0","0,23457932663585115","1,1250744887746662"
1,11,14,688000,"0,0","0,13109794720305248","0,6249812002748663"
2,11,14,578000,"0,0","0,18335790051375264","0,8748590777728913"
3,11,14,468000,"0,0","0,23550500493794388","1,1250501757374156"
1,11,15,690000,"0,0","0,13068505820267398","0,6250751547923543"
2,11,15,580000,"0,0","0,18386881307379258","0,8751777042207631"
3,11,15,470000,"0,0","0,23535433527100907","1,1252372671339694"
1,11,16,692000,"0,0","0,13108757561019513","0,6250026488875745"
2,11,16,582000,"0,0","0,18333516470200262","0,8747433571320257"
3,11,16,472000,"0,0","0,23669588257786664","1,1251810928165733"
1,11,17,694000,"0,0","0,13055743658856359","0,6247730668668708"
2,11,17,584000,"0,0","0,1833195741126753","0,8752620699658411"
3,11,17,474000,"0,0","0,23554171969926732","1,1247661870966756"
1,11,18,696000,"0,0","0,13140679363353516","0,6249151294739633"
2,11,18,586000,"0,0","0,18243627968715173","0,8747769859083614"
3,11,18,476000,"0,0","0,23594114077687775","1,1252364395087013"
1,11,19,698000,"0,0","0,13114714252880166","0,6249971686325759"
2,11,19,588000,"0,0","0,1838538983399441","0,8750114731130435"
3,11,19,478000,"0,0","0,2356573119095115","1,1252792172116515"
1,11,20,700000,"0,0","0,13113841633843523","0,6246267284980418"
2,11,20,590000,"0,0","0,18342485627012192","0,8750545980680087"
3,11,20,480000,"0,0","0,23540707978130418","1,1251250486568571"
1,12,1,722000,"0,0","0,11998426829047837","0,6253656330543835"
2,12,1,602000,"0,0","0,16835412179508902","0,8751888445361855"
3,12,1,482000,"0,0","0,21595883058002394","1,124756053283064"
1,12,2,724000,"0,0","0,12018504022660231","0,6249187874203495"
2,12,2,604000,"0,0","0,16761431014895367","0,874712608620172"
3,12,2,484000,"0,0","0,21638221739159813","1,1251294237003435"
1,12,3,726000,"0,0","0,119714303427483","0,6250298444837549"
2,12,3,606000,"0,0","0,16829002919350536","0,8747421621141849"
3,12,3,486000,"0,0","0,21565404804345012","1,124811267048857"
1,12,4,728000,"0,0","0,12026109563314752","0,6247235104543924"
2,12,4,608000,"0,0","0,16785945526501886","0,8753033634230666"
3,12,4,488000,"0,0","0,2164857617284817","1,1251826815980288"
1,12,5,730000,"0,0","0,12016481109530065","0,625177933661726"
2,12,5,610000,"0,0","0,1685542403094938","0,874859908098228"
3,12,5,490000,"0,0","0,21696813519917782","1,1249478961326627"
1,12,6,732000,"0,0","0,119986339792586","0,6246576117609505"
2,12,6,612000,"0,0","0,1678548202582888","0,8752666016535274"
3,12,6,492000,"0,0","0,21668534769617961","1,1253211304390662"
1,12,7,734000,"0,0","0,12006765843400939","0,6249719814124348"
2,12,7,614000,"0,0","0,16817243852295768","0,8752793202134624"
3,12,7,494000,"0,0","0,2159840755169881","1,125051509320335"
1,12,8,736000,"0,0","0,12018050422258512","0,6246672518202437"
2,12,8,616000,"0,0","0,16744171533454377","0,8749203500081913"
3,12,8,496000,"0,0","0,2167848552101049","1,124588028181005"
1,12,9,738000,"0,0","0,11967829990689015","0,6250055596561476"
2,12,9,618000,"0,0","0,16743726252541902","0,8748279785018799"
3,12,9,498000,"0,0","0,21606996826000605","1,1249573239964028"
1,12,10,740000,"0,0","0,1201756972122301","0,6244692744171874"
2,12,10,620000,"0,0","0,1686559031339817","0,8751234905978396"
3,12,10,500000,"0,0","0,2157648448950946","1,1252896477601333"
1,12,11,742000,"0,0","0,1198663082753164","0,6247240813088265"
2,12,11,622000,"0,0","0,16826298334757003","0,8748113559042132"
3,12,11,502000,"0,0","0,2166288428858343","1,125041344424018"
1,12,12,744000,"0,0","0,11984872030901926","0,62508102790063"
2,12,12,624000,"0,0","0,16758661417909934","0,874485877322752"
3,12,12,504000,"0,0","0,21671439226453335","1,1254460234873602"
1,12,13,746000,"0,0","0,12001467024269295","0,6249087163580834"
2,12,13,626000,"0,0","0,16839512417121213","0,8752197349091897"
3,12,13,506000,"0,0","0,21588026779105987","1,1251510575222634"
1,12,14,748000,"0,0","0,12006142040379338","0,6251638893330096"
2,12,14,628000,"0,0","0,16867739547114416","0,8750038712382302"
3,12,14,508000,"0,0","0,2163492213296867","1,1253858112086568"
1,12,15,750000,"0,0","0,12052933588277874","0,6252603797643195"
2,12,15,630000,"0,0","0,16798531792311358","0,8752922960628954"
3,12,15,510000,"0,0","0,21591004223926027","1,1246449322192178"
1,12,16,752000,"0,0","0,11960982793515879","0,6250653955851704"
2,12,16,632000,"0,0","0,16796677813340824","0,8755094379148459"
3,12,16,512000,"0,0","0,21528583718116479","1,1250241404355317"
1,12,17,754000,"0,0","0,12027284029772879","0,6250832054179735"
2,12,17,634000,"0,0","0,16774963541595467","0,8745217707226117"
3,12,17,514000,"0,0","0,21617457086898959","1,1253785321847285"
1,12,18,756000,"0,0","0,11999707452488961","0,6251831791756125"
2,12,18,636000,"0,0","0,16796119204733265","0,8750778417222586"
3,12,18,516000,"0,0","0,2156582848284623","1,1248746847692528"
1,12,19,758000,"0,0","0,11975539853767814","0,6251854349108378"
2,12,19,638000,"0,0","0,1678445711236426","0,874852215515519"
3,12,19,518000,"0,0","0,21592414013941308","1,12482794493541"
1,12,20,760000,"0,0","0,11983826652984035","0,6254190467701796"
2,12,20,640000,"0,0","0,16864018503941183","0,874843677740582"
3,12,20,520000,"0,0","0,21585319421790075","1,125092137385715"
1,13,1,782000,"0,0","0,11075669396862961","0,6252635479858698"
2,13,1,652000,"0,0","0,15450052681119425","0,8748368344097202"
3,13,1,522000,"0,0","0,1993436017758525","1,1250944162956893"
1,13,2,784000,"0,0","0,11067145822175248","0,6252242153845832"
2,13,2,654000,"0,0","0,15474188085905047","0,8750823657387727"
3,13,2,524000,"0,0","0,1986207469082707","1,1249888465387232"
1,13,3,786000,"0,0","0,11028388968797954","0,6245986097505626"
2,13,3,656000,"0,0","0,15506163387666969","0,8751621544767065"
3,13,3,526000,"0,0","0,19964507925962405","1,1251417181201513"
1,13,4,788000,"0,0","0,11086454730284022","0,6247009662518914"
2,13,4,658000,"0,0","0,15444673325238498","0,8746101349271546"
3,13,4,528000,"0,0","0,199216603899949","1,1248189695238924"
1,13,5,790000,"0,0","0,11093339020530149","0,6252335287098773"
2,13,5,660000,"0,0","0,15507246720101003","0,874921185373181"
3,13,5,530000,"0,0","0,19898582405329288","1,1245746406112502"
1,13,6,792000,"0,0","0,11109569773301155","0,6249069636822493"
2,13,6,662000,"0,0","0,15437393143843167","0,8749745682515514"
3,13,6,532000,"0,0","0,1998774656479617","1,124676117427067"
1,13,7,794000,"0,0","0,11100579493923758","0,6246828738214261"
2,13,7,664000,"0,0","0,15494650379828878","0,8754722769822285"
3,13,7,534000,"0,0","0,19999683866682894","1,1254396246765372"
1,13,8,796000,"0,0","0,11094006726392973","0,6252887936130729"
2,13,8,666000,"0,0","0,15462290588218922","0,8749809517126632"
3,13,8,536000,"0,0","0,19924503813151612","1,1249120836783428"
1,13,9,798000,"0,0","0,11074031900520356","0,6253702643043594"
2,13,9,668000,"0,0","0,15490267038655048","0,8747211455369278"
3,13,9,538000,"0,0","0,19929378703739248","1,1248347282371016"
1,13,10,800000,"0,0","0,1105185780616059","0,6250261626121334"
2,13,10,670000,"0,0","0,15509104446619887","0,8753199586482173"
3,13,10,540000,"0,0","0,1995833638345858","1,1245828633717314"
1,13,11,802000,"0,0","0,11112141123557666","0,6253002250290225"
2,13,11,672000,"0,0","0,1552164072975891","0,8748559800392351"
3,13,11,542000,"0,0","0,199262986455223","1,1251447497383757"
1,13,12,804000,"0,0","0,11065540996187698","0,624845953726402"
2,13,12,674000,"0,0","0,15458864042546117","0,8751604948158718"
3,13,12,544000,"0,0","0,19998398228080905","1,1252135237864598"
1,13,13,806000,"0,0","0,11112545033653393","0,6250077677868008"
2,13,13,676000,"0,0","0,1546293187325531","0,8749832166484655"
3,13,13,546000,"0,0","0,1993030508785582","1,12475038425925"
1,13,14,808000,"0,0","0,1111743526995099","0,6251800244546153"
2,13,14,678000,"0,0","0,15514592603050167","0,8754681120858897"
3,13,14,548000,"0,0","0,19854747051128674","1,1250260880120602"
1,13,15,810000,"0,0","0,1106873195331005","0,6251368664200119"
2,13,15,680000,"0,0","0,15485708407177662","0,8749618762123299"
3,13,15,550000,"0,0","0,19938620266769286","1,125185770916447"
1,13,16,812000,"0,0","0,11090401835598938","0,6247552907626099"
2,13,16,682000,"0,0","0,1547868484901473","0,8747105350215142"
3,13,16,552000,"0,0","0,19937664856965073","1,12507135134343"
1,13,17,814000,"0,0","0,11124503183888573","0,6249724811169106"
2,13,17,684000,"0,0","0,15511108961637216","0,8747950955766571"
3,13,17,554000,"0,0","0,19951755711238053","1,1249814341049804"
1,13,18,816000,"0,0","0,11052407157125536","0,6245464286927814"
2,13,18,686000,"0,0","0,1553956372614189","0,8751531278487359"
3,13,18,556000,"0,0","0,19920458518720305","1,1246407431015975"
1,13,19,818000,"0,0","0,11063710887876166","0,6247005256365198"
2,13,19,688000,"0,0","0,15473480255985284","0,8755193403080288"
3,13,19,558000,"0,0","0,19930218829565766","1,1251818570656928"
1,13,20,820000,"0,0","0,1108975499502747","0,6246755977809157"
2,13,20,690000,"0,0","0,1550739617245833","0,8746792779734905"
3,13,20,560000,"0,0","0,1995403344159023","1,1246953790989334"
1,14,1,842000,"0,0","0,10265862877665814","0,6247032049556134"
2,14,1,702000,"0,0","0,1435123128051774","0,8749892702335317"
3,14,1,562000,"0,0","0,18445446325930617","1,1248662856212668"
1,14,2,844000,"0,0","0,10306797100593577","0,6252204352726235"
2,14,2,704000,"0,0","0,14397476810833815","0,8750394480391284"
3,14,2,564000,"0,0","0,1850272844322289","1,1249889382394256"
1,14,3,846000,"0,0","0,10240898869996344","0,6252129562312851"
2,14,3,706000,"0,0","0,14455700424869186","0,8752100615655363"
3,14,3,566000,"0,0","0,18550878443712154","1,1247079625970517"
1,14,4,848000,"0,0","0,102961749744516","0,6249648276816623"
2,14,4,708000,"0,0","0,14375655353522948","0,8750636353391095"
3,14,4,568000,"0,0","0,1851128052643404","1,124739591115032"
1,14,5,850000,"0,0","0,10327299597815362","0,6249501664470307"
2,14,5,710000,"0,0","0,14396287255026632","0,875413243890241"
3,14,5,570000,"0,0","0,18540077091733817","1,1248709118335216"
1,14,6,852000,"0,0","0,10293779544205721","0,6251297318971911"
2,14,6,712000,"0,0","0,14400933365111016","0,8750475922627496"
3,14,6,572000,"0,0","0,18615172941737115","1,1251319653380614"
1,14,7,854000,"0,0","0,10261901482790271","0,6251085001365544"
2,14,7,714000,"0,0","0,1446515425626941","0,8744852206467083"
3,14,7,574000,"0,0","0,18429720543242278","1,1251145109466745"
1,14,8,856000,"0,0","0,10282781815868168","0,6249330821579687"
2,14,8,716000,"0,0","0,1446870140529512","0,8752485412133836"
3,14,8,576000,"0,0","0,1849056724005525","1,1251291138981745"
1,14,9,858000,"0,0","0,10267368172272211","0,6248184176427185"
2,14,9,718000,"0,0","0,14417252681427847","0,87474277039146"
3,14,9,578000,"0,0","0,18540728160310163","1,125114010595873"
1,14,10,860000,"0,0","0,10267442969904618","0,6248456072966305"
2,14,10,720000,"0,0","0,14360528836350614","0,8751794610334258"
3,14,10,580000,"0,0","0,18498004263063367","1,1249950238086657"
1,14,11,862000,"0,0","0,10300416358031904","0,624820124423471"
2,14,11,722000,"0,0","0,1441761270840362","0,8751373871258926"
3,14,11,582000,"0,0","0,18461354705188768","1,1245111211730714"
1,14,12,864000,"0,0","0,10305093088100435","0,6252196966001623"
2,14,12,724000,"0,0","0,14383836338615952","0,8752734372330919"
3,14,12,584000,"0,0","0,18568393127224558","1,125324161768356"
1,14,13,866000,"0,0","0,10289866567908794","0,625027138318539"
2,14,13,726000,"0,0","0,1443962289676777","0,874808763998446"
3,14,13,586000,"0,0","0,18497468830675118","1,1249012067855166"
1,14,14,868000,"0,0","0,1029484298202218","0,6251592529940546"
2,14,14,728000,"0,0","0,1439918387552746","0,8749334859720667"
3,14,14,588000,"0,0","0,18489365456536863","1,1250273214659017"
1,14,15,870000,"0,0","0,10355685641600514","0,6253760613688097"
2,14,15,730000,"0,0","0,143872636051511","0,8750176061689405"
3,14,15,590000,"0,0","0,1853333711224963","1,1250400852485878"
1,14,16,872000,"0,0","0,10233961837851109","0,6248814743275963"
2,14,16,732000,"0,0","0,14469627655167008","0,8750150928544527"
3,14,16,592000,"0,0","0,1850891854764629","1,1250967985950622"
1,14,17,874000,"0,0","0,10312663948563723","0,6248852985381791"
2,14,17,734000,"0,0","0,14489620970161685","0,8758333221981937"
3,14,17,594000,"0,0","0,18560447365329963","1,1247902323805263"
1,14,18,876000,"0,0","0,10320468568489519","0,6248499590124232"
2,14,18,736000,"0,0","0,14397891612634145","0,8747948961021799"
3,14,18,596000,"0,0","0,18547201113728692","1,1249049406493083"
1,14,19,878000,"0,0","0,10254117471489547","0,6251079918909066"
2,14,19,738000,"0,0","0,1441759456178934","0,8750028511273628"
3,14,19,598000,"0,0","0,18504654877593962","1,124998051564137"
1,14,20,880000,"0,0","0,10305769808387935","0,6247370970255526"
2,14,20,740000,"0,0","0,14401582406513638","0,8747602246343219"
3,14,20,600000,"0,0","0,18496989411978118","1,125135456164458"
1,15,1,902000,"0,0","0,09616617618131466","0,6253429763685866"
2,15,1,752000,"0,0","0,1345617696515746","0,8745998112572069"
3,15,1,602000,"0,0","0,1730271478042439","1,1245355212411599"
1,15,2,904000,"0,0","0,0959719216445128","0,6249546021738694"
2,15,2,754000,"0,0","0,13437487082262817","0,8751048254508919"
3,15,2,604000,"0,0","0,17264196714348487","1,1244651848138554"
1,15,3,906000,"0,0","0,09601638559315727","0,6253957910540275"
2,15,3,756000,"0,0","0,13443031140971126","0,8750690379589169"
3,15,3,606000,"0,0","0,17226903620885986","1,1250720860798686"
1,15,4,908000,"0,0","0,09566636475998475","0,6252571657951935"
2,15,4,758000,"0,0","0,13459582850076046","0,8745019365975604"
3,15,4,608000,"0,0","0,17309677524069347","1,124903991386206"
1,15,5,910000,"0,0","0,09657867147125018","0,6249707096584713"
2,15,5,760000,"0,0","0,13457707601109867","0,875298260162546"
3,15,5,610000,"0,0","0,1724689602006629","1,1249355859984178"
1,15,6,912000,"0,0","0,09623721531739653","0,6248598597526718"
2,15,6,762000,"0,0","0,13432663611119214","0,8747948325923619"
3,15,6,612000,"0,0","0,17237488024222863","1,1251347070373547"
1,15,7,914000,"0,0","0,09604029669331089","0,6252933596198974"
2,15,7,764000,"0,0","0,13395894867687744","0,8747529207658058"
3,15,7,614000,"0,0","0,17337650369980454","1,1248686187288637"
1,15,8,916000,"0,0","0,09595990564156273","0,6249250797598025"
2,15,8,766000,"0,0","0,135205160294878","0,8751337268493554"
3,15,8,616000,"0,0","0,17284334489051964","1,1251061330409298"
1,15,9,918000,"0,0","0,09625415892234623","0,6252846696679368"
2,15,9,768000,"0,0","0,13402845586822107","0,8751018191856018"
3,15,9,618000,"0,0","0,17299249969516856","1,1250911422309695"
1,15,10,920000,"0,0","0,09596683383670325","0,6248102721375023"
2,15,10,770000,"0,0","0,13487184921648346","0,875051412241783"
3,15,10,620000,"0,0","0,1724336342071852","1,1249925688179094"
1,15,11,922000,"0,0","0,09636192561093022","0,6246156603763554"
2,15,11,772000,"0,0","0,13484007063181644","0,8746610763127322"
3,15,11,622000,"0,0","0,17260677688653817","1,125162106144466"
1,15,12,924000,"0,0","0,09606468612610165","0,6252888263131222"
2,15,12,774000,"0,0","0,13475050671124048","0,8752993795905006"
3,15,12,624000,"0,0","0,1722918736596815","1,1247831247327218"
1,15,13,926000,"0,0","0,0961620434404716","0,6247027312165282"
2,15,13,776000,"0,0","0,13500162907079544","0,8756255542953937"
3,15,13,626000,"0,0","0,17257024754419076","1,124935130166166"
1,15,14,928000,"0,0","0,09626176617339895","0,6252473646005952"
2,15,14,778000,"0,0","0,13520432482482408","0,8756097284218343"
3,15,14,628000,"0,0","0,17280043403655848","1,1249015155672788"
1,15,15,930000,"0,0","0,09606698254195654","0,6250484820019105"
2,15,15,780000,"0,0","0,13484393574719042","0,8749719362122723"
3,15,15,630000,"0,0","0,17332670845643447","1,124699380608149"
1,15,16,932000,"0,0","0,096177605963668","0,6251084194655714"
2,15,16,782000,"0,0","0,13391838115751858","0,8749144285579687"
3,15,16,632000,"0,0","0,17222020622723405","1,1252307762591913"
1,15,17,934000,"0,0","0,09599337705226489","0,6251194657743231"
2,15,17,784000,"0,0","0,1346750070068591","0,8747798440039327"
3,15,17,634000,"0,0","0,17318759388635782","1,1250509697446258"
1,15,18,936000,"0,0","0,09592016258360685","0,6251240488885718"
2,15,18,786000,"0,0","0,13444010843704754","0,8746470263926444"
3,15,18,636000,"0,0","0,17172431994669515","1,1251397532306642"
1,15,19,938000,"0,0","0,09577209805805346","0,6247884000688742"
2,15,19,788000,"0,0","0,13414590797805476","0,8751541628546416"
3,15,19,638000,"0,0","0,1731343973595201","1,125075511639251"
1,15,20,940000,"0,0","0,09580631699006685","0,6248731920773541"
2,15,20,790000,"0,0","0,13393781765554114","0,8749165144200495"
3,15,20,640000,"0,0","0,17279417820255197","1,1252642812529485"
1,16,1,962000,"0,0","0,09002751023645998","0,6250533629423194"
2,16,1,802000,"0,0","0,12576286417174481","0,8751389692307051"
3,16,1,642000,"0,0","0,16134829491469418","1,124904910162477"
1,16,2,964000,"0,0","0,09000486463371735","0,624938884714431"
2,16,2,804000,"0,0","0,12625831723057016","0,8751422705532913"
3,16,2,644000,"0,0","0,16180159909226016","1,1245197203529074"
1,16,3,966000,"0,0","0,09005354954882111","0,6251696108849826"
2,16,3,806000,"0,0","0,12565845086878774","0,8748281604641257"
3,16,3,646000,"0,0","0,1616466551347131","1,1250613756045595"
1,16,4,968000,"0,0","0,09029390612654138","0,6250354347955083"
2,16,4,808000,"0,0","0,12609753639534535","0,8748926207221901"
3,16,4,648000,"0,0","0,16174733538239786","1,125095107000379"
1,16,5,970000,"0,0","0,09004262056283027","0,6245780863478086"
2,16,5,810000,"0,0","0,1262290531028242","0,8751378361517628"
3,16,5,650000,"0,0","0,16211415373213664","1,1252872768010074"
1,16,6,972000,"0,0","0,09003569059003999","0,6244728653168828"
2,16,6,812000,"0,0","0,12622938264910938","0,8748848961417252"
3,16,6,652000,"0,0","0,16174252345938633","1,124834295891071"
1,16,7,974000,"0,0","0,09015491892697969","0,6251771352403306"
2,16,7,814000,"0,0","0,12639707086192456","0,875182449400232"
3,16,7,654000,"0,0","0,16175188823143663","1,1246513090938195"
1,16,8,976000,"0,0","0,090584398284411","0,6250900534500357"
2,16,8,816000,"0,0","0,12619185766875698","0,8751176199021204"
3,16,8,656000,"0,0","0,1623271014569863","1,1249657113333376"
1,16,9,978000,"0,0","0,08985267822253411","0,6247059646007828"
2,16,9,818000,"0,0","0,1256017355251911","0,8745600754869847"
3,16,9,658000,"0,0","0,16238638615520457","1,1250014905789387"
1,16,10,980000,"0,0","0,08994861171561247","0,624729982280086"
2,16,10,820000,"0,0","0,12569701123402374","0,8750435840768904"
3,16,10,660000,"0,0","0,16203865253181432","1,1247444807107676"
1,16,11,982000,"0,0","0,08991723174439188","0,6248552370964134"
2,16,11,822000,"0,0","0,12648344710229523","0,8753099429270831"
3,16,11,662000,"0,0","0,16144069277338935","1,12519643198549"
1,16,12,984000,"0,0","0,09022132278578514","0,6251387175220806"
2,16,12,824000,"0,0","0,12545243286077523","0,8749122869514029"
3,16,12,664000,"0,0","0,1617781097428008","1,1251750731079961"
1,16,13,986000,"0,0","0,09007847645883575","0,6251258636851655"
2,16,13,826000,"0,0","0,12552497241393729","0,8751713469644783"
3,16,13,666000,"0,0","0,16134967624177343","1,1250226916586932"
1,16,14,988000,"0,0","0,08978973788394662","0,6252880984596557"
2,16,14,828000,"0,0","0,12607731318799434","0,875624535463535"
3,16,14,668000,"0,0","0,16202699522510508","1,1255699395375953"
1,16,15,990000,"0,0","0,09023819238599659","0,6247641068034859"
2,16,15,830000,"0,0","0,12624816459324045","0,8749615711400647"
3,16,15,670000,"0,0","0,16150131406882828","1,1251150727949726"
1,16,16,992000,"0,0","0,09053660748383742","0,624996627217497"
2,16,16,832000,"0,0","0,12638720056191655","0,8750410279772306"
3,16,16,672000,"0,0","0,16205120759397582","1,1248436915733966"
1,16,17,994000,"0,0","0,08978912010960306","0,6247810138913189"
2,16,17,834000,"0,0","0,12657575805820093","0,8747776646367574"
3,16,17,674000,"0,0","0,16199625214355728","1,124884580096828"
1,16,18,996000,"0,0","0,09018327476555778","0,6247887857282662"
2,16,18,836000,"0,0","0,12625214009883595","0,8748141805117221"
3,16,18,676000,"0,0","0,16220311060185028","1,1251157243637033"
1,16,19,998000,"0,0","0,0897709260374626","0,6249766598123313"
2,16,19,838000,"0,0","0,12551462147938083","0,8745848462716725"
3,16,19,678000,"0,0","0,1619433818950967","1,1249120919558033"
1,16,20,1000000,"0,0","0,0901399754844898","0,6252190472073811"
2,16,20,840000,"0,0","0,1269004495199515","0,8746036727473577"
3,16,20,680000,"0,0","0,16189066810524946","1,125309578436274"
1,17,1,1022000,"0,0","0,08411770037153728","0,6246602806231178"
2,17,1,852000,"0,0","0,1181287090600517","0,8749631782796132"
3,17,1,682000,"0,0","0,15224732092721094","1,1248468162566074"
1,17,2,1024000,"0,0","0,0848784654332694","0,6247563135008396"
2,17,2,854000,"0,0","0,11803679528604404","0,8749696988782227"
3,17,2,684000,"0,0","0,15230593597029876","1,1244328673817234"
1,17,3,1026000,"0,0","0,08415269158553819","0,6246341910704519"
2,17,3,856000,"0,0","0,11833415619160163","0,8750067705423853"
3,17,3,686000,"0,0","0,1520554972545518","1,1253580025108405"
1,17,4,1028000,"0,0","0,08441264489863541","0,6250999250759237"
2,17,4,858000,"0,0","0,11849088799601863","0,8751577709639048"
3,17,4,688000,"0,0","0,15317177422355252","1,1251042736989487"
1,17,5,1030000,"0,0","0,08440132096862835","0,6251570227599466"
2,17,5,860000,"0,0","0,11866206010952378","0,8750828715264297"
3,17,5,690000,"0,0","0,15253015419417176","1,124924476527276"
1,17,6,1032000,"0,0","0,08466577581118029","0,6247700982530178"
2,17,6,862000,"0,0","0,11873682143318186","0,8750476083668622"
3,17,6,692000,"0,0","0,15273299648883557","1,1251104007832837"
1,17,7,1034000,"0,0","0,0847125290694337","0,6250774255857311"
2,17,7,864000,"0,0","0,11865793353237203","0,8754686118672491"
3,17,7,694000,"0,0","0,15251831183155182","1,1247094365841805"
1,17,8,1036000,"0,0","0,0841868775484966","0,6246629089303728"
2,17,8,866000,"0,0","0,11824789647704768","0,8753454811890877"
3,17,8,696000,"0,0","0,15236106918258022","1,1254747125990898"
1,17,9,1038000,"0,0","0,08456238432984216","0,6250545118273313"
2,17,9,868000,"0,0","0,11818903002339134","0,8744812831164425"
3,17,9,698000,"0,0","0,15308048743035044","1,125162958344429"
1,17,10,1040000,"0,0","0,0845862995765671","0,6252613947772735"
2,17,10,870000,"0,0","0,11829599212010654","0,8745526417517918"
3,17,10,700000,"0,0","0,15220637514211502","1,12482000012643"
1,17,11,1042000,"0,0","0,08476966382334125","0,6246307233822183"
2,17,11,872000,"0,0","0,11881742874377708","0,8748444585818437"
3,17,11,702000,"0,0","0,15277620077356865","1,1251165083569996"
1,17,12,1044000,"0,0","0,08441204574808513","0,6254724972042662"
2,17,12,874000,"0,0","0,11819807954342426","0,8746996622924103"
3,17,12,704000,"0,0","0,1524632511388216","1,124944939768678"
1,17,13,1046000,"0,0","0,08432948228444799","0,625253607384574"
2,17,13,876000,"0,0","0,11861937911095068","0,8753895233871559"
3,17,13,706000,"0,0","0,15294037438194766","1,1250823297271089"
1,17,14,1048000,"0,0","0,08495308382528036","0,6251542871753246"
2,17,14,878000,"0,0","0,11830643360882492","0,8749306766551632"
3,17,14,708000,"0,0","0,15281621584694718","1,1251880535594863"
1,17,15,1050000,"0,0","0,0844501913382504","0,624975283172097"
2,17,15,880000,"0,0","0,11835985412380597","0,8750311853899024"
3,17,15,710000,"0,0","0,1521594847060546","1,1249318530949752"
1,17,16,1052000,"0,0","0,08445161412631615","0,6252681132924081"
2,17,16,882000,"0,0","0,11829426195967259","0,8747243900346685"
3,17,16,712000,"0,0","0,1525477705426248","1,124957221812677"
1,17,17,1054000,"0,0","0,0846811523917297","0,6250807130043504"
2,17,17,884000,"0,0","0,1176583362352537","0,8744356297974996"
3,17,17,714000,"0,0","0,15259740407184333","1,1247073495466262"
1,17,18,1056000,"0,0","0,08443594662941684","0,6250274921693637"
2,17,18,886000,"0,0","0,11880976348798764","0,8752287682999264"
3,17,18,716000,"0,0","0,15338798786987795","1,1249400255730746"
1,17,19,1058000,"0,0","0,0850833936337283","0,6250196928871833"
2,17,19,888000,"0,0","0,11886575332807615","0,8751553384480005"
3,17,19,718000,"0,0","0,1528691244383712","1,1248500956882146"
1,17,20,1060000,"0,0","0,08468954652981976","0,6251163227950313"
2,17,20,890000,"0,0","0,11839446575208087","0,8748754863180115"
3,17,20,720000,"0,0","0,15292781105801473","1,1251673161528661"
1,18,1,1082000,"0,0","0,08017166270967832","0,6247343667708042"
2,18,1,902000,"0,0","0,11217322356447171","0,8748946300150503"
3,18,1,722000,"0,0","0,1444059863315416","1,124906445511531"
1,18,2,1084000,"0,0","0,07973429187652145","0,624522905649"
2,18,2,904000,"0,0","0,11231561141290827","0,8750418837636861"
3,18,2,724000,"0,0","0,14431792890827824","1,1248775902243395"
1,18,3,1086000,"0,0","0,08016815132783082","0,6248228978287015"
2,18,3,906000,"0,0","0,11176164458943925","0,8752414513002245"
3,18,3,726000,"0,0","0,14422357373709435","1,1246570994489982"
1,18,4,1088000,"0,0","0,08016105129145888","0,6254777587626839"
2,18,4,908000,"0,0","0,11184070225062293","0,8745099480084028"
3,18,4,728000,"0,0","0,1438172675802434","1,1250280755440905"
1,18,5,1090000,"0,0","0,07977112007977331","0,6247436657296449"
2,18,5,910000,"0,0","0,11193400752795202","0,8749201944311212"
3,18,5,730000,"0,0","0,1437035229525943","1,1250011851524606"
1,18,6,1092000,"0,0","0,08006851267510463","0,6254434372629734"
2,18,6,912000,"0,0","0,1124969596066437","0,8745615778743269"
3,18,6,732000,"0,0","0,14363403636369862","1,1246916789696304"
1,18,7,1094000,"0,0","0,07962374760292545","0,6249167980094921"
2,18,7,914000,"0,0","0,11158273010884562","0,8748772486353846"
3,18,7,734000,"0,0","0,143455588212364","1,1247358636225364"
1,18,8,1096000,"0,0","0,07950890175343624","0,6249047892070748"
2,18,8,916000,"0,0","0,11226423381384049","0,8755334217139904"
3,18,8,736000,"0,0","0,14426586732234004","1,1249716532865537"
1,18,9,1098000,"0,0","0,07992601968106759","0,6247994605723994"
2,18,9,918000,"0,0","0,11160535826665435","0,8749107554130626"
3,18,9,738000,"0,0","0,1440991382498443","1,1252234204608706"
1,18,10,1100000,"0,0","0,07983409268643257","0,6249132328986317"
2,18,10,920000,"0,0","0,11256811182680122","0,87523155394467"
3,18,10,740000,"0,0","0,14408001322140468","1,1247277192501957"
1,18,11,1102000,"0,0","0,07977140409284761","0,6249675991848322"
2,18,11,922000,"0,0","0,11167360403945582","0,8747099981656042"
3,18,11,742000,"0,0","0,1446523046511664","1,1248632710571895"
1,18,12,1104000,"0,0","0,07982609193913326","0,62448575442691"
2,18,12,924000,"0,0","0,11181889483976287","0,8750501135133518"
3,18,12,744000,"0,0","0,1444486319593591","1,1248578452397113"
1,18,13,1106000,"0,0","0,0800776504916747","0,6243462773430831"
2,18,13,926000,"0,0","0,11190480446921429","0,8751518232122748"
3,18,13,746000,"0,0","0,14380356633683572","1,1246837059954706"
1,18,14,1108000,"0,0","0,08029243716043752","0,625134108700822"
2,18,14,928000,"0,0","0,11186212124076447","0,8748214888459361"
3,18,14,748000,"0,0","0,1440483327678058","1,1246724717803098"
1,18,15,1110000,"0,0","0,0799338977133758","0,6249522746253348"
2,18,15,930000,"0,0","0,11138433322610333","0,8751959839393236"
3,18,15,750000,"0,0","0,14375240218242477","1,1252982427102374"
1,18,16,1112000,"0,0","0,08006277262859168","0,6249186298229155"
2,18,16,932000,"0,0","0,11196491223173169","0,8752940436618446"
3,18,16,752000,"0,0","0,14449421635845563","1,1250168747943636"
1,18,17,1114000,"0,0","0,07962779562761284","0,6246158422731185"
2,18,17,934000,"0,0","0,1118991497380912","0,8745815991862019"
3,18,17,754000,"0,0","0,14412936779834903","1,1250205906280983"
1,18,18,1116000,"0,0","0,0801863414892439","0,6247898034090222"
2,18,18,936000,"0,0","0,11181024038845999","0,8752499789789218"
3,18,18,756000,"0,0","0,1437750960593735","1,1250027552711117"
1,18,19,1118000,"0,0","0,079892422857452","0,6252255932294039"
2,18,19,938000,"0,0","0,11219532762532874","0,8750403644775473"
3,18,19,758000,"0,0","0,1437852679859559","1,124792450476206"
1,18,20,1120000,"0,0","0,07999667489595784","0,624877133585591"
2,18,20,940000,"0,0","0,11191574584526988","0,8750873759950897"
3,18,20,760000,"0,0","0,144581851033548","1,1249514874102624"
1,19,1,1142000,"0,0","0,07552685613722888","0,6249788075236494"
2,19,1,952000,"0,0","0,10624051064768265","0,8747304674924796"
3,19,1,762000,"0,0","0,13593416510474685","1,1251881593257487"
1,19,2,1144000,"0,0","0,07571027407732074","0,6250077664893975"
2,19,2,954000,"0,0","0,105644712905088","0,8748498310847641"
3,19,2,764000,"0,0","0,13619756980949266","1,1255472564746942"
1,19,3,1146000,"0,0","0,07579460524044018","0,6251878564177852"
2,19,3,956000,"0,0","0,10640052322462008","0,8744347842449468"
3,19,3,766000,"0,0","0,13644757893320997","1,1251570712784404"
1,19,4,1148000,"0,0","0,07598249108018991","0,6245697562356868"
2,19,4,958000,"0,0","0,10625955903246542","0,8749766208837648"
3,19,4,768000,"0,0","0,13613069777704284","1,124754485856286"
1,19,5,1150000,"0,0","0,07576043192609275","0,6248175318886027"
2,19,5,960000,"0,0","0,10626820262917083","0,8746836386920482"
3,19,5,770000,"0,0","0,1370330483246093","1,1250298058635342"
1,19,6,1152000,"0,0","0,0755849029853962","0,6245924562591112"
2,19,6,962000,"0,0","0,10630652500999198","0,8747329583949964"
3,19,6,772000,"0,0","0,13642719000242462","1,1248899913519697"
1,19,7,1154000,"0,0","0,07585042390798608","0,6251573728435922"
2,19,7,964000,"0,0","0,10622388760217073","0,8750493088907972"
3,19,7,774000,"0,0","0,13628220238911692","1,1249807981259363"
1,19,8,1156000,"0,0","0,07581930189300207","0,6253078418411233"
2,19,8,966000,"0,0","0,1061282508492588","0,8750966753540613"
3,19,8,776000,"0,0","0,1362018422091522","1,1250261987417436"
1,19,9,1158000,"0,0","0,07566777514416155","0,6245342279080156"
2,19,9,968000,"0,0","0,10605249860358396","0,8749553904317907"
3,19,9,778000,"0,0","0,13656411486626785","1,125256333795064"
1,19,10,1160000,"0,0","0,07580988233223342","0,6251196013389975"
2,19,10,970000,"0,0","0,10590481639811344","0,8748814578348492"
3,19,10,780000,"0,0","0,1361002040112327","1,125034002345574"
1,19,11,1162000,"0,0","0,07593381869507858","0,6249982812472337"
2,19,11,972000,"0,0","0,10649639479541693","0,8750843267828963"
3,19,11,782000,"0,0","0,13650597672771356","1,1251490606988082"
1,19,12,1164000,"0,0","0,07565726594143196","0,6249807941336297"
2,19,12,974000,"0,0","0,10639231536735459","0,8749918318505794"
3,19,12,784000,"0,0","0,13645452929118482","1,1250417066911778"
1,19,13,1166000,"0,0","0,07600004417302708","0,6251282306469238"
2,19,13,976000,"0,0","0,10653332438103796","0,8744625156507394"
3,19,13,786000,"0,0","0,13620626443911807","1,1252512946574393"
1,19,14,1168000,"0,0","0,07567817297416435","0,6247034520298701"
2,19,14,978000,"0,0","0,1060195564516098","0,8750840129821671"
3,19,14,788000,"0,0","0,13628021853577468","1,1250437691184025"
1,19,15,1170000,"0,0","0,07613182401170789","0,6250920072073831"
2,19,15,980000,"0,0","0,10600948540836647","0,8750667421653008"
3,19,15,790000,"0,0","0,1360379768655018","1,12504706046136"
1,19,16,1172000,"0,0","0,07568225691476085","0,6250042514721221"
2,19,16,982000,"0,0","0,10630298341136331","0,8748587000829352"
3,19,16,792000,"0,0","0,13674363719241822","1,1251674949331243"
1,19,17,1174000,"0,0","0,07601699189986659","0,6245762357798701"
2,19,17,984000,"0,0","0,1061500255001064","0,874776478263858"
3,19,17,794000,"0,0","0,13622142943398496","1,1251520994463808"
1,19,18,1176000,"0,0","0,07607925609680868","0,6250484217433562"
2,19,18,986000,"0,0","0,10637141851092552","0,8747046242383271"
3,19,18,796000,"0,0","0,13646104470368206","1,1248102792101868"
1,19,19,1178000,"0,0","0,07587988480452304","0,625017811882476"
2,19,19,988000,"0,0","0,10585795263801163","0,8751651703273383"
3,19,19,798000,"0,0","0,13622532851786553","1,1249107091167165"
1,19,20,1180000,"0,0","0,07575516352101058","0,6251474051213843"
2,19,20,990000,"0,0","0,10576516284916365","0,8751110660915017"
3,19,20,800000,"0,0","0,13616314271402585","1,1251163626464031"
1,20,1,1202000,"0,0","0,07213919123869533","0,6249384763568787"
2,20,1,1002000,"0,0","0,10019404714046679","0,8754756899871327"
3,20,1,802000,"0,0","0,12989387987846385","1,1254517072820975"
1,20,2,1204000,"0,0","0,07210295245796774","0,6251749274913373"
2,20,2,1004000,"0,0","0,10077256034271223","0,8750810404054982"
3,20,2,804000,"0,0","0,1296038120549357","1,1252419246982908"
1,20,3,1206000,"0,0","0,07224233084019513","0,6253696802749974"
2,20,3,1006000,"0,0","0,10091751503482682","0,8753381329789411"
3,20,3,806000,"0,0","0,1298960759022056","1,1250392069657371"
1,20,4,1208000,"0,0","0,07206177054036936","0,625266984702212"
2,20,4,1008000,"0,0","0,10058870492666779","0,8750467025736789"
3,20,4,808000,"0,0","0,1296087287670936","1,1250557184786225"
1,20,5,1210000,"0,0","0,07188161014287084","0,624973942372246"
2,20,5,1010000,"0,0","0,10081865806957771","0,8750114390312546"
3,20,5,810000,"0,0","0,1299481441367612","1,1249877533179016"
1,20,6,1212000,"0,0","0,07226315767057433","0,6249647399821565"
2,20,6,1012000,"0,0","0,10060086276580496","0,8749139195180211"
3,20,6,812000,"0,0","0,12982435038741888","1,1250556500229747"
1,20,7,1214000,"0,0","0,07210700428394054","0,6251990875297097"
2,20,7,1014000,"0,0","0,10114527989975952","0,8746128789772004"
3,20,7,814000,"0,0","0,12922659732403358","1,1248399111126166"
1,20,8,1216000,"0,0","0,07192366858384586","0,6248561852520467"
2,20,8,1016000,"0,0","0,10087257483191751","0,8755356317675155"
3,20,8,816000,"0,0","0,12964385737882472","1,1252627418036396"
1,20,9,1218000,"0,0","0,07237072599213526","0,6253967616198834"
2,20,9,1018000,"0,0","0,10102778690589043","0,8746282702511327"
3,20,9,818000,"0,0","0,12961870633433156","1,1252574982483983"
1,20,10,1220000,"0,0","0,07196939643978915","0,6251355094409604"
2,20,10,1020000,"0,0","0,10063205041761884","0,8748763444428473"
3,20,10,820000,"0,0","0,13017322479205667","1,1250498798861948"
1,20,11,1222000,"0,0","0,0719954263487648","0,6243496589294264"
2,20,11,1022000,"0,0","0,10096668635099146","0,8746497452961477"
3,20,11,822000,"0,0","0,1293807778519694","1,1254991621029335"
1,20,12,1224000,"0,0","0,0720151881221739","0,6248668357277233"
2,20,12,1024000,"0,0","0,10096084753058343","0,8749796822411546"
3,20,12,824000,"0,0","0,12925105598760273","1,1250478400824997"
1,20,13,1226000,"0,0","0,07213748014352951","0,6251340895099822"
2,20,13,1026000,"0,0","0,10026048853884839","0,8744470690846606"
3,20,13,826000,"0,0","0,12964331163582196","1,1251181003804793"
1,20,14,1228000,"0,0","0,07186125790269801","0,6247801299323713"
2,20,14,1028000,"0,0","0,10081764063193846","0,8749732430438704"
3,20,14,828000,"0,0","0,1291231483243055","1,1249586147905386"
1,20,15,1230000,"0,0","0,0719795119760679","0,6251480135131958"
2,20,15,1030000,"0,0","0,10069947798147931","0,8751138477540583"
3,20,15,830000,"0,0","0,12933215524181044","1,1247295582424948"
1,20,16,1232000,"0,0","0,07230293609225485","0,6249527646740745"
2,20,16,1032000,"0,0","0,10142536724340274","0,8748775702065373"
3,20,16,832000,"0,0","0,1290675156497236","1,1252038139741565"
1,20,17,1234000,"0,0","0,07205822097675674","0,6253931529306073"
2,20,17,1034000,"0,0","0,10039896880398899","0,8749075844629711"
3,20,17,834000,"0,0","0,1292219623604346","1,1251921065294308"
1,20,18,1236000,"0,0","0,07202702933852591","0,625175368015215"
2,20,18,1036000,"0,0","0,10091600121073278","0,8747251406912246"
3,20,18,836000,"0,0","0,12929429381276625","1,125214753946582"
1,20,19,1238000,"0,0","0,07209159079752428","0,624915376599291"
2,20,19,1038000,"0,0","0,10069044925500632","0,8746346252305122"
3,20,19,838000,"0,0","0,1295179138507514","1,1251195277058215"
1,20,20,1240000,"0,0","0,07218716479398703","0,6248054032008448"
2,20,20,1040000,"0,0","0,10119674615872257","0,8754737810886782"
3,20,20,840000,"0,0","0,12915112128892264","1,1252942604532417"