1,1,1,92000,0.40522,0.8576356123734994,0.5472840750890321
2,1,1,52000,0.5351,0.9343751536520212,0.6396816113673781
3,1,1,32000,0.6236,0.9724094321387857,0.6954908163814616
1,1,2,94000,0.34306,0.9436508553436107,0.8910163249588162
2,1,2,54000,0.50992,0.9875346905551083,1.0439295081646467
3,1,2,34000,0.61298,0.9971502851995746,1.12640945168858
1,1,3,96000,0.32388,0.9763085577471127,1.262739219512463
2,1,3,56000,0.50482,0.9979447642135805,1.4711288148607258
3,1,3,36000,0.61162,0.9998189968061684,1.5601337816163694
1,1,4,98000,0.31182,0.9878681493978432,1.6622490065962874
2,1,4,58000,0.50188,0.9994443314897995,1.9060196117387036
3,1,4,38000,0.61218,0.9999438876637343,1.9980019991618039
1,1,5,100000,0.30844,0.9965293929160567,2.0823383706248224
2,1,5,60000,0.50466,0.9999116140765417,2.334405031307124
3,1,5,40000,0.61276,0.9999372081424409,2.4264845900590246
1,1,6,102000,0.30296,0.9970772457603474,2.504812752043189
2,1,6,62000,0.5045,0.9999776625417418,2.7668577020468184
3,1,6,42000,0.61276,0.9999888130982025,2.863128320305098
1,1,7,104000,0.30394,0.9988164300911628,2.9363757458522026
2,1,7,64000,0.50226,0.9999837437096388,3.2147977569004667
3,1,7,44000,0.61432,0.9999850695826885,3.2879057679867842
1,1,8,106000,0.3078,0.9998037297198525,3.3471508635656537
2,1,8,66000,0.50204,0.9999601482475258,3.647971863710277
3,1,8,46000,0.6127,0.9999729105218792,3.732303129422004
1,1,9,108000,0.30146,0.9994454514194822,3.7755288442259216
2,1,9,68000,0.50346,0.9999936077082383,4.067792224244432
3,1,9,48000,0.61398,0.9999993605875046,4.1582326163379255
1,1,10,110000,0.30146,0.9998089152932433,4.224467839333708
2,1,10,70000,0.50456,0.9999741809423229,4.498410006710245
3,1,10,50000,0.61136,0.9999971217045799,4.616400313691723
1,1,11,112000,0.29978,0.9999799589999003,4.672461912829916
2,1,11,72000,0.5022,0.9999912326996782,4.951811392784924
3,1,11,52000,0.61224,0.9999884078351603,5.04707501984657
1,1,12,114000,0.30552,0.9999972171161527,5.068162427268954
2,1,12,74000,0.50078,0.9999882161547641,5.406800077506164
3,1,12,54000,0.61232,0.9999987754417321,5.481724130320812
1,1,13,116000,0.30362,0.999936337947519,5.531451738119681
2,1,13,76000,0.5033,0.9999407265555503,5.8155281479481875
3,1,13,56000,0.61344,0.9999328605994883,5.898515114441838
1,1,14,118000,0.30326,0.9999950367847769,5.962165986722524
2,1,14,78000,0.5019,0.9999367859043949,6.264876297993207
3,1,14,58000,0.61412,0.9999538116254747,6.3253738621256375
1,1,15,120000,0.30638,0.9999898020570375,6.374791395432106
2,1,15,80000,0.50246,0.9999797012053082,6.695105643710972
3,1,15,60000,0.61308,0.9999935263659022,6.7758432895876295
1,1,16,122000,0.3068,0.9999778550167411,6.81717407643646
2,1,16,82000,0.50266,0.9999969001555995,7.1204817420309094
3,1,16,62000,0.61382,0.9999831328769113,7.196491445710597
1,1,17,124000,0.30388,0.9999955469631929,7.265794489387758
2,1,17,84000,0.5031,0.9999788968509378,7.550991847588139
3,1,17,64000,0.61226,0.9999952347620596,7.659947038186095
1,1,18,126000,0.30566,0.9999847241759933,7.673024927248354
2,1,18,86000,0.50364,0.9999953138627878,7.984362529281914
3,1,18,66000,0.61272,0.9999814208535751,8.085849112382823
1,1,19,128000,0.30534,0.9999933074381371,8.119231840049778
2,1,19,88000,0.50192,0.999974023765027,8.431194023292344
3,1,19,68000,0.61504,0.9999936241925594,8.470689868159708
1,1,20,130000,0.30434,0.9999750997298757,8.568909381119584
2,1,20,90000,0.50442,0.9999994961836309,8.829422764381697
3,1,20,70000,0.6128,0.9999755000233126,8.951444662135629
1,2,1,182000,0.1424,0.6157264991417237,0.598326567019735
2,2,1,102000,0.24842,0.7565396722933253,0.7659201596288656
3,2,1,62000,0.34548,0.8464574275434,0.8881813624191971
1,2,2,184000,0.0697,0.6710728038673426,0.7162074519375441
2,2,2,104000,0.17094,0.8379622470793532,0.9992422845579075
3,2,2,64000,0.28356,0.9266958299565409,1.2098410529972359
1,2,3,186000,0.0324,0.6911105390918076,0.801846105207493
2,2,3,106000,0.13424,0.8774472836063084,1.2268523195356795
3,2,3,66000,0.25606,0.9603265512922485,1.5572599635661664
1,2,4,188000,0.01562,0.703140399409973,0.8583316239644957
2,2,4,108000,0.10282,0.9085799700015924,1.471261216156508
3,2,4,68000,0.2451,0.9775679346542722,1.9153439150258313
1,2,5,190000,0.00984,0.7148934896493635,0.9089434951495003
2,2,5,110000,0.08848,0.9218601743121638,1.6982852342893995
3,2,5,70000,0.23984,0.9884380401452935,2.31200083683209
1,2,6,192000,0.005,0.7136456154020333,0.9245366197287518
2,2,6,112000,0.07604,0.9344165013516851,1.9261757535993844
3,2,6,72000,0.23468,0.9936443601787286,2.706817725592402
1,2,7,194000,0.0029,0.719601613764832,0.9476289350543471
2,2,7,114000,0.06776,0.9389562637002083,2.1473700097808663
3,2,7,74000,0.23322,0.9955853138131636,3.1163540940822876
1,2,8,196000,0.00146,0.7182800685114235,0.9649051335658012
2,2,8,116000,0.06008,0.9486650818955153,2.383918890684119
3,2,8,76000,0.2293,0.9979404409942123,3.5416322152059783
1,2,9,198000,8.8E-4,0.7191631676700999,0.9688586707970488
2,2,9,118000,0.0504,0.9547913928321059,2.610994446756266
3,2,9,78000,0.22842,0.9982040191281918,3.94787703310633
1,2,10,200000,4.2E-4,0.7217160562649955,0.9743069385815936
2,2,10,120000,0.04784,0.9586985730175842,2.789008489121562
3,2,10,80000,0.22622,0.9993016537878161,4.389095204262889
1,2,11,202000,3.4E-4,0.7169746808422912,0.9782566211640858
2,2,11,122000,0.04524,0.9595771572715454,3.043004236627685
3,2,11,82000,0.22878,0.9997953480177175,4.847153828940324
1,2,12,204000,2.2E-4,0.7213369263950469,0.980066791298678
2,2,12,124000,0.04124,0.9661373041816359,3.2874504340021162
3,2,12,84000,0.22956,0.9997854804228505,5.216641415154752
1,2,13,206000,8.0E-5,0.7234513872045858,0.9677890122635049
2,2,13,126000,0.04052,0.9650993285230209,3.5177563201578095
3,2,13,86000,0.22908,0.9998207096853331,5.664235135116728
1,2,14,208000,0.0,0.7164770781065323,0.9620413600048603
2,2,14,128000,0.0357,0.9714812096681313,3.7388321906583997
3,2,14,88000,0.22504,0.9999708847946387,6.131612607111287
1,2,15,210000,0.0,0.7206769775697812,0.9663927149417129
2,2,15,130000,0.03944,0.9718461039547932,4.054736105114012
3,2,15,90000,0.22778,0.9999676504614732,6.559795225148196
1,2,16,212000,2.0E-5,0.7180211337388478,0.9648927652364485
2,2,16,132000,0.03528,0.9755973116386517,4.26225428312394
3,2,16,92000,0.2256,0.9999478701468755,6.975851202287828
1,2,17,214000,0.0,0.7227347292831052,0.9664401292428462
2,2,17,134000,0.03126,0.9760655815652722,4.469744193830893
3,2,17,94000,0.2288,0.999970262096322,7.3949528253500025
1,2,18,216000,0.0,0.7240193821798686,0.9756479971691395
2,2,18,136000,0.03038,0.9781561192505637,4.78174653061093
3,2,18,96000,0.23052,0.9998914749173589,7.824256414671863
1,2,19,218000,0.0,0.7219965346624533,0.9615601971082548
2,2,19,138000,0.03082,0.9810738521207408,5.047810517085311
3,2,19,98000,0.23104,0.9999524798833219,8.262376525823282
1,2,20,220000,0.0,0.7220295723201755,0.9886758838978598
2,2,20,140000,0.02708,0.9796080035095025,5.148994580669935
3,2,20,100000,0.22782,0.9999673867027181,8.72239840133925
1,3,1,272000,0.04412,0.46065569666383405,0.6174694313683847
2,3,1,152000,0.1041,0.602249115302291,0.830289028424962
3,3,1,92000,0.17766,0.7147649572052422,1.0031490662075466
1,3,2,274000,0.01522,0.4758913812081633,0.6497769420212689
2,3,2,154000,0.05082,0.6377814015949778,0.9255739347799833
3,3,2,94000,0.10702,0.7713908206544193,1.185032741696982
1,3,3,276000,0.0047,0.4786545367765294,0.6656367442867139
2,3,3,156000,0.02214,0.6547453634899192,0.9894149934127793
3,3,3,96000,0.07186,0.8055350492985092,1.3420049299491619
1,3,4,278000,0.00116,0.47832749099488053,0.6699127304496212
2,3,4,158000,0.01104,0.6637375365641258,1.0303709644936314
3,3,4,98000,0.04758,0.8221882898304363,1.4794619280340322
1,3,5,280000,2.2E-4,0.48048758412244563,0.672789222581519
2,3,5,160000,0.00568,0.6687825677000371,1.0583231474447778
3,3,5,100000,0.0329,0.8392290897094298,1.6055361632435163
1,3,6,282000,1.0E-4,0.4823804350899889,0.6737156923888126
2,3,6,162000,0.00244,0.6730873694460616,1.0755332506310131
3,3,6,102000,0.02546,0.8440130471875101,1.7071550054368139
1,3,7,284000,4.0E-5,0.48138858551745317,0.674755407776268
2,3,7,164000,0.00104,0.6674114103527807,1.076029622400084
3,3,7,104000,0.01866,0.8474443171050566,1.7878145457651184
1,3,8,286000,0.0,0.4807517092321621,0.672956114579515
2,3,8,166000,6.4E-4,0.6693877152212911,1.0796463256676467
3,3,8,106000,0.01252,0.8546231348112542,1.854039246936726
1,3,9,288000,0.0,0.4805963391942838,0.6717704191943753
2,3,9,168000,1.0E-4,0.6698980093161805,1.0815363730053202
3,3,9,108000,0.0084,0.854781266925784,1.9125575933656769
1,3,10,290000,0.0,0.4788533549793578,0.6708194963151312
2,3,10,170000,1.2E-4,0.6694690570081164,1.0776578990407644
3,3,10,110000,0.00682,0.8569802431431283,1.970733139620606
1,3,11,292000,0.0,0.47859055131219086,0.6714707213810142
2,3,11,172000,0.0,0.6722372372917395,1.1005239088829275
3,3,11,112000,0.00548,0.8589488900078125,1.998055014207092
1,3,12,294000,0.0,0.479467591782349,0.6742667826772848
2,3,12,174000,0.0,0.6716583202509449,1.079641392343036
3,3,12,114000,0.00332,0.8579095435665246,2.0249736610381417
1,3,13,296000,0.0,0.47913432038601167,0.6735512874112151
2,3,13,176000,0.0,0.6699996911726799,1.0882727067340472
3,3,13,116000,0.00236,0.8606225342837045,2.0163427682542756
1,3,14,298000,0.0,0.4782903911400356,0.67293125575777
2,3,14,178000,2.0E-5,0.6693758805276756,1.076559350624164
3,3,14,118000,0.00158,0.8617580906948582,2.056811887263166
1,3,15,300000,0.0,0.47881168601999763,0.6725778300216892
2,3,15,180000,0.0,0.6716989778984127,1.0798583751038924
3,3,15,120000,0.00104,0.8616442064946499,2.112751953143547
1,3,16,302000,0.0,0.482068807422351,0.6745411646621593
2,3,16,182000,0.0,0.6758528541486761,1.094418285152999
3,3,16,122000,0.00132,0.8638044500476195,2.117744070443342
1,3,17,304000,0.0,0.4787239483655454,0.6718155228440332
2,3,17,184000,0.0,0.6719917781289905,1.083992049096029
3,3,17,124000,0.00124,0.86327507665563,2.133619385203882
1,3,18,306000,0.0,0.4805132270566858,0.674850630878769
2,3,18,186000,0.0,0.6733822620810211,1.0971215577028086
3,3,18,126000,3.0E-4,0.8678767506802915,2.144016697294635
1,3,19,308000,0.0,0.47871657408196416,0.6722300361795089
2,3,19,188000,0.0,0.6743424173208936,1.0878238594504102
3,3,19,128000,3.4E-4,0.862710902778994,2.156256940383926
1,3,20,310000,0.0,0.47926429802622933,0.6719880157535815
2,3,20,190000,0.0,0.6747035336992925,1.0880091697767655
3,3,20,130000,2.0E-4,0.8678580689652553,2.2097136551606997
1,4,1,362000,0.01266,0.3541803661285187,0.6218877181996855
2,4,1,202000,0.0395,0.4851880230227503,0.8572708242905108
3,4,1,122000,0.08046,0.5965211701876304,1.0696849948044482
1,4,2,364000,0.00282,0.3584925297107793,0.6313813384150518
2,4,2,204000,0.01436,0.4954605829713628,0.8924681730711516
3,4,2,124000,0.03984,0.622047033428802,1.151609035096002
1,4,3,366000,7.4E-4,0.3576098090913118,0.6336622654622583
2,4,3,206000,0.0047,0.5015043216417114,0.9086059339938002
3,4,3,126000,0.01858,0.637460132183834,1.2071749193776167
1,4,4,368000,4.0E-5,0.35867860422991227,0.6344113433583741
2,4,4,208000,0.0013,0.503658532699969,0.9165391409117019
3,4,4,128000,0.00856,0.6408292004794942,1.2375165239162185
1,4,5,370000,6.0E-5,0.35774854581145876,0.6344057441405487
2,4,5,210000,5.2E-4,0.503193939734447,0.9186843357027563
3,4,5,130000,0.00446,0.6484895203551586,1.258278084581273
1,4,6,372000,0.0,0.35978191389475356,0.6353347588819024
2,4,6,212000,2.4E-4,0.5053379002235524,0.9219150786107846
3,4,6,132000,0.0015,0.64780168065814,1.266794601398431
1,4,7,374000,4.0E-5,0.35883623171925355,0.6347852600023963
2,4,7,214000,8.0E-5,0.5056149714360031,0.9216772576051111
3,4,7,134000,6.6E-4,0.6510669541078506,1.2747637512814816
1,4,8,376000,0.0,0.3573927205205394,0.6344933002112737
2,4,8,216000,0.0,0.5006699367898889,0.9193180461038412
3,4,8,136000,3.4E-4,0.6477863818634833,1.2744720380443637
1,4,9,378000,0.0,0.36111999092465624,0.6355450604357505
2,4,9,218000,2.0E-5,0.5040781418942049,0.9197818489811183
3,4,9,138000,1.6E-4,0.6506437635702087,1.2759544097010942
1,4,10,380000,0.0,0.3594391603843139,0.6348475365707008
2,4,10,220000,0.0,0.501336655049295,0.9172714400369534
3,4,10,140000,0.0,0.6468537586703228,1.2763943998684277
1,4,11,382000,0.0,0.3613186750813742,0.6341447060281244
2,4,11,222000,0.0,0.5007409751476202,0.9194020849729051
3,4,11,142000,6.0E-5,0.647063263689119,1.2813413229820618
1,4,12,384000,0.0,0.361875423570409,0.6347815554175986
2,4,12,224000,0.0,0.5029270280295267,0.9205631352243564
3,4,12,144000,0.0,0.6501709351722342,1.2809796823966668
1,4,13,386000,0.0,0.3597487755846888,0.6351796082147365
2,4,13,226000,0.0,0.5024336577213169,0.9177440751586101
3,4,13,146000,0.0,0.6491167554641332,1.2755682487275977
1,4,14,388000,0.0,0.3614004918086905,0.6361758813771037
2,4,14,228000,0.0,0.5022711514914574,0.921461457671708
3,4,14,148000,0.0,0.6470355096195739,1.2740328773786578
1,4,15,390000,0.0,0.3607374480453793,0.6351385945276435
2,4,15,230000,0.0,0.5044025111625057,0.9216640554771586
3,4,15,150000,0.0,0.6475337268787086,1.278836229581175
1,4,16,392000,0.0,0.3603070951918424,0.6351168691587509
2,4,16,232000,0.0,0.5035222518295089,0.9202514545057578
3,4,16,152000,8.0E-5,0.6473265520309707,1.2732728141282132
1,4,17,394000,0.0,0.3593041845883843,0.6342174070849502
2,4,17,234000,0.0,0.5028117071442879,0.9197781019218781
3,4,17,154000,0.0,0.647943389097148,1.2697590791474416
1,4,18,396000,0.0,0.3590364622599263,0.6349647807450142
2,4,18,236000,0.0,0.5031210167548319,0.9188341848503138
3,4,18,156000,0.0,0.6500183543282254,1.2820132917304552
1,4,19,398000,0.0,0.3616672109474647,0.6349684373039445
2,4,19,238000,0.0,0.5058034837275743,0.9224888842273666
3,4,19,158000,0.0,0.6458358216232822,1.2735933162598627
1,4,20,400000,0.0,0.3600909439265038,0.6346426783187824
2,4,20,240000,0.0,0.5038476365824944,0.9217632758831824
3,4,20,160000,0.0,0.6470155800044363,1.2744239734748055
1,5,1,452000,0.0027,0.286619809579573,0.6244425709419725
2,5,1,252000,0.01272,0.39661467038089643,0.8687282351702627
3,5,1,152000,0.03142,0.5018848152329131,1.1036803681728966
1,5,2,454000,6.4E-4,0.2871719013963267,0.626399197634595
2,5,2,254000,0.00384,0.4018024922246973,0.8805203843103725
3,5,2,154000,0.01282,0.5121498669664017,1.1354431180794897
1,5,3,456000,2.0E-4,0.2881738241835542,0.6275435490794099
2,5,3,256000,9.4E-4,0.40112922931550943,0.8845325046683064
3,5,3,156000,0.00484,0.5154528319289698,1.152337628844966
1,5,4,458000,4.0E-5,0.2893479791639397,0.6274030156000808
2,5,4,258000,2.2E-4,0.40170488435323815,0.8856356435919776
3,5,4,158000,0.00166,0.5191220486590615,1.1604153112739057
1,5,5,460000,0.0,0.28829227576284033,0.6271869566840332
2,5,5,260000,1.2E-4,0.40291181460899705,0.8864230486674674
3,5,5,160000,4.4E-4,0.5158049142802836,1.1614946353070141
1,5,6,462000,0.0,0.2884754793343661,0.6269277564583643
2,5,6,262000,0.0,0.4018276335540659,0.8852117244073873
3,5,6,162000,2.0E-5,0.5189132113976535,1.1640770233588702
1,5,7,464000,0.0,0.2877480787736002,0.6271281769284525
2,5,7,264000,0.0,0.40372163207593986,0.8868534460224767
3,5,7,164000,2.0E-5,0.5173182055547284,1.162162882729691
1,5,8,466000,0.0,0.28881775711813323,0.6267935501246787
2,5,8,266000,0.0,0.4017713981755409,0.8861856607953823
3,5,8,166000,0.0,0.5171318654560552,1.164591972491177
1,5,9,468000,0.0,0.28752105123803273,0.6269021989935158
2,5,9,268000,0.0,0.4025207090960253,0.885741851774635
3,5,9,168000,0.0,0.5171334497061546,1.1626650774085383
1,5,10,470000,0.0,0.287914042501664,0.6273232503332028
2,5,10,270000,0.0,0.40472477284728525,0.8867307567292911
3,5,10,170000,0.0,0.5182683703580766,1.163996505256448
1,5,11,472000,0.0,0.28763200053412386,0.626669121508018
2,5,11,272000,0.0,0.40090957491667367,0.88610548817659
3,5,11,172000,0.0,0.5171868087074423,1.1651239759937255
1,5,12,474000,0.0,0.2888885422469744,0.6270368116956314
2,5,12,274000,0.0,0.40248890360995315,0.8867647660481697
3,5,12,174000,0.0,0.5189422234199588,1.1677400008254721
1,5,13,476000,0.0,0.2873408081973316,0.6264398295616771
2,5,13,276000,0.0,0.40265302414113807,0.8871797360419852
3,5,13,176000,0.0,0.5172038967421153,1.165831235459763
1,5,14,478000,0.0,0.28662062780737085,0.6270626649722139
2,5,14,278000,0.0,0.40214294811725093,0.8855278036061538
3,5,14,178000,0.0,0.5153454128729011,1.165298506753851
1,5,15,480000,0.0,0.28814809442517114,0.6272306285264801
2,5,15,280000,0.0,0.4042933027828005,0.8867235884906379
3,5,15,180000,0.0,0.5174271709451533,1.1661390558064189
1,5,16,482000,0.0,0.2865458240471016,0.6266071022325035
2,5,16,282000,0.0,0.40320768542309404,0.8862488770123786
3,5,16,182000,0.0,0.5180850224156974,1.1641662253977374
1,5,17,484000,0.0,0.2899821655608296,0.6273732642356353
2,5,17,284000,0.0,0.40169541118854346,0.8872700685206074
3,5,17,184000,0.0,0.5184257497196433,1.163912543165099
1,5,18,486000,0.0,0.2864179827470064,0.6272731847906939
2,5,18,286000,0.0,0.4039216836066181,0.8868035648012471
3,5,18,186000,0.0,0.5197391064583377,1.1651913570615646
1,5,19,488000,0.0,0.2887985146335893,0.6271498008660412
2,5,19,288000,0.0,0.4031837798364656,0.8866450560977817
3,5,19,188000,0.0,0.5174828301512238,1.1621740014759157
1,5,20,490000,0.0,0.2875992295507113,0.6270446089277063
2,5,20,290000,0.0,0.4031629740029773,0.8859538824813087
3,5,20,190000,0.0,0.5182857115886815,1.1647213902154205
1,6,1,542000,5.8E-4,0.23870919240886426,0.6245025423186623
2,6,1,302000,0.0035,0.3313781279461171,0.8729096076264791
3,6,1,182000,0.01194,0.4264586710047298,1.1167044569438098
1,6,2,544000,8.0E-5,0.23962334176899744,0.6251942263905094
2,6,2,304000,8.8E-4,0.3362000634129936,0.8769208968540487
3,6,2,184000,0.00386,0.4298491098369445,1.1297498391946625
1,6,3,546000,2.0E-5,0.23862579427292696,0.6251455569098526
2,6,3,306000,2.8E-4,0.3378089576136382,0.8773335989472424
3,6,3,186000,0.00122,0.4336460724887989,1.1349516830857977
1,6,4,548000,0.0,0.24053575661212853,0.6254272903147892
2,6,4,308000,6.0E-5,0.3330894126684119,0.8780169482229423
3,6,4,188000,4.4E-4,0.4295495391817796,1.1352756527569552
1,6,5,550000,0.0,0.23962051390496183,0.6253684393467894
2,6,5,310000,0.0,0.3355861013267804,0.8777347392458921
3,6,5,190000,6.0E-5,0.43463722875651883,1.1362010208296132
1,6,6,552000,0.0,0.23948918635113836,0.6249645547457858
2,6,6,312000,0.0,0.33500102531384607,0.8778583057678916
3,6,6,192000,2.0E-5,0.4316734214758681,1.135608783035922
1,6,7,554000,0.0,0.2397108919430796,0.6256604980686661
2,6,7,314000,0.0,0.3357873891419792,0.8780159677974834
3,6,7,194000,4.0E-5,0.43387737755684874,1.1370861905588567
1,6,8,556000,0.0,0.2398206195836031,0.6258745161620264
2,6,8,316000,0.0,0.3358804586166953,0.8774402807289912
3,6,8,196000,0.0,0.43012719283585277,1.134942588491877
1,6,9,558000,0.0,0.24001880246593552,0.625254448072752
2,6,9,318000,0.0,0.3350920811813753,0.8777793773429665
3,6,9,198000,0.0,0.4303440674229409,1.1359965686636435
1,6,10,560000,0.0,0.24089085724445233,0.625540638348116
2,6,10,320000,0.0,0.3373197903436753,0.8789705880939593
3,6,10,200000,0.0,0.4308133768684908,1.1359456969211423
1,6,11,562000,0.0,0.23846294020962153,0.6250413229144349
2,6,11,322000,0.0,0.3361333857738689,0.8773003441479477
3,6,11,202000,0.0,0.43029270244099993,1.1371435397631902
1,6,12,564000,0.0,0.24035630029788854,0.6257789048247355
2,6,12,324000,0.0,0.33563021860754744,0.8780733568840706
3,6,12,204000,0.0,0.43092916502327544,1.1357200401573477
1,6,13,566000,0.0,0.24006395255504218,0.6254009642607312
2,6,13,326000,0.0,0.3350561442442279,0.8771216693318696
3,6,13,206000,0.0,0.43066065645338036,1.1370399948424255
1,6,14,568000,0.0,0.23924434071549885,0.6257631409081802
2,6,14,328000,0.0,0.3351922176074111,0.8775468419912792
3,6,14,208000,0.0,0.4295933383954738,1.1361448653019377
1,6,15,570000,0.0,0.23885176952457665,0.6252073248775479
2,6,15,330000,0.0,0.33669597874178775,0.8776097597734823
3,6,15,210000,0.0,0.43048554358304547,1.135679797129782
1,6,16,572000,0.0,0.23910709704278468,0.6255678117172857
2,6,16,332000,0.0,0.3356819623245592,0.8778859738478032
3,6,16,212000,0.0,0.42960049055996863,1.1373844122351877
1,6,17,574000,0.0,0.23789902307529365,0.6252160390698801
2,6,17,334000,0.0,0.3365170554892199,0.877247063834141
3,6,17,214000,0.0,0.4314134775021721,1.1355328045153263
1,6,18,576000,0.0,0.23891920335765524,0.6255453759112413
2,6,18,336000,0.0,0.33507880399371426,0.8768761986718845
3,6,18,216000,0.0,0.4328357987359963,1.1373566584574746
1,6,19,578000,0.0,0.24062497034315208,0.6251574107919824
2,6,19,338000,0.0,0.33491731439044786,0.8781028227005193
3,6,19,218000,0.0,0.4300531297565824,1.1357833130030952
1,6,20,580000,0.0,0.2388405564566962,0.6254408649137084
2,6,20,340000,0.0,0.3364167027411192,0.8775381948385106
3,6,20,220000,0.0,0.4298925778914107,1.1364925626693032
1,7,1,632000,1.2E-4,0.20647236258607096,0.6251020888700318
2,7,1,352000,8.0E-4,0.28452576664327045,0.8747947731546001
3,7,1,212000,0.00334,0.3686468625562221,1.1230358343088667
1,7,2,634000,0.0,0.2056614063041641,0.6247030428037976
2,7,2,354000,2.8E-4,0.28624799996599376,0.875435475066889
3,7,2,214000,0.0011,0.37020922242538606,1.126361725054959
1,7,3,636000,0.0,0.20550989023427002,0.6251194755356041
2,7,3,356000,0.0,0.2883963466862368,0.876011221674245
3,7,3,216000,2.0E-4,0.3692305639694672,1.127692952334023
1,7,4,638000,0.0,0.20472665750454397,0.6249291608030053
2,7,4,358000,0.0,0.28745455531622344,0.8755335246831407
3,7,4,218000,4.0E-5,0.3678715445048569,1.1283336166512599
1,7,5,640000,0.0,0.20615225889911218,0.6256508498118574
2,7,5,360000,0.0,0.28838963945270474,0.8757694105687662
3,7,5,220000,0.0,0.36835855498483533,1.1275164099144417
1,7,6,642000,0.0,0.20474977204026681,0.6250659766426463
2,7,6,362000,0.0,0.28725548427076425,0.8759661971801841
3,7,6,222000,2.0E-5,0.36976953298586956,1.1281678605351009
1,7,7,644000,0.0,0.20597701621714262,0.625091819061182
2,7,7,364000,0.0,0.288471791822363,0.8760096443940567
3,7,7,224000,0.0,0.3691042547072752,1.1281475024928338
1,7,8,646000,0.0,0.20535537439722296,0.6250200453712238
2,7,8,366000,0.0,0.2867297199741244,0.8762011625806186
3,7,8,226000,0.0,0.3698702133224531,1.1283596948288142
1,7,9,648000,0.0,0.2057830518105948,0.6250439067372948
2,7,9,368000,0.0,0.28684675560030565,0.8762940307984296
3,7,9,228000,0.0,0.3697244048915725,1.1281216333005466
1,7,10,650000,0.0,0.20609944820407833,0.6251844035387135
2,7,10,370000,0.0,0.28725777991787577,0.8755534477123709
3,7,10,230000,0.0,0.36909313802819793,1.127827024949254
1,7,11,652000,0.0,0.20628695381604303,0.6245815784450058
2,7,11,372000,0.0,0.2877869926463628,0.8756659901487475
3,7,11,232000,0.0,0.3681041723728576,1.128681367280006
1,7,12,654000,0.0,0.20522698357920377,0.6250043348108913
2,7,12,374000,0.0,0.2878112731419253,0.8752147038935477
3,7,12,234000,0.0,0.3684692985507925,1.1274574077730666
1,7,13,656000,0.0,0.2063420035819304,0.6253934793950434
2,7,13,376000,0.0,0.2866797357392175,0.8752014468250516
3,7,13,236000,0.0,0.3687954939995498,1.1278744996787302
1,7,14,658000,0.0,0.2054369524642931,0.6250814617011181
2,7,14,378000,0.0,0.28895623441611534,0.8759264384154868
3,7,14,238000,0.0,0.3688816656967321,1.1285053137414067
1,7,15,660000,0.0,0.20538922957850228,0.6250995978941594
2,7,15,380000,0.0,0.286820995471337,0.8758509224545671
3,7,15,240000,0.0,0.369474476628031,1.1282537848121073
1,7,16,662000,0.0,0.20543121514121987,0.6248070734639205
2,7,16,382000,0.0,0.2892519248660694,0.8750748285245946
3,7,16,242000,0.0,0.3704647244847568,1.1284238384605016
1,7,17,664000,0.0,0.20509355954616174,0.6252698257616578
2,7,17,384000,0.0,0.28791263646872417,0.8757629672738958
3,7,17,244000,0.0,0.3690358731372381,1.1283404700027209
1,7,18,666000,0.0,0.2056520613280303,0.6247399011580234
2,7,18,386000,0.0,0.28715163011073325,0.8749070677645068
3,7,18,246000,0.0,0.36995114243209176,1.127252441848396
1,7,19,668000,0.0,0.2055122315726188,0.6252014530836218
2,7,19,388000,0.0,0.2873089921655619,0.8755650877807188
3,7,19,248000,0.0,0.3692732877865566,1.1282725661715143
1,7,20,670000,0.0,0.20571126340424223,0.6252374334075557
2,7,20,390000,0.0,0.290153450204111,0.8760468036063289
3,7,20,250000,0.0,0.36878416989068924,1.1283136868170174
1,8,1,722000,0.0,0.17954598971763716,0.6251967499694874
2,8,1,402000,2.0E-4,0.2518883810555287,0.8751442872316665
3,8,1,242000,0.00114,0.3244982410027564,1.1244842574186449
1,8,2,724000,0.0,0.17954010753992308,0.6254496529896915
2,8,2,404000,2.0E-5,0.2509014732207003,0.8745601868897934
3,8,2,244000,8.0E-5,0.32388795098595874,1.1256125710279496
1,8,3,726000,0.0,0.17924097882176598,0.6247723929637002
2,8,3,406000,2.0E-5,0.2529664408511035,0.8751941675015944
3,8,3,246000,0.0,0.323574455710673,1.1259600219430417
1,8,4,728000,0.0,0.17899977386275376,0.6255612815556368
2,8,4,408000,0.0,0.2524882350067287,0.8751817130957179
3,8,4,248000,0.0,0.32407449220208784,1.1254958653746485
1,8,5,730000,0.0,0.17916092002098655,0.624969079263556
2,8,5,410000,0.0,0.251129835496926,0.8754257858301981
3,8,5,250000,0.0,0.32513242198872017,1.1258526485945788
1,8,6,732000,0.0,0.17971639322357294,0.625002896476908
2,8,6,412000,0.0,0.2532352426729983,0.8749947325893218
3,8,6,252000,0.0,0.32482656716735736,1.125574821670953
1,8,7,734000,0.0,0.17953620178693092,0.6242618266946744
2,8,7,414000,0.0,0.2514887909674218,0.8748737271866208
3,8,7,254000,0.0,0.3235698734102011,1.1262018831354874
1,8,8,736000,0.0,0.18004513143535483,0.624802458006305
2,8,8,416000,0.0,0.2527736332365414,0.8754095495543167
3,8,8,256000,0.0,0.32370147203822464,1.1260044235274869
1,8,9,738000,0.0,0.18021816942558172,0.6253211357352879
2,8,9,418000,0.0,0.2522114261658486,0.8754640992223337
3,8,9,258000,0.0,0.3233731007807943,1.1256203712465405
1,8,10,740000,0.0,0.17907616011350033,0.6250166943521819
2,8,10,420000,0.0,0.25276643743473337,0.8746922174439713
3,8,10,260000,0.0,0.3243332462566704,1.1258361405035804
1,8,11,742000,0.0,0.17911679773171993,0.6250047107402052
2,8,11,422000,0.0,0.2525408650166133,0.8746809645113927
3,8,11,262000,0.0,0.3252013525134221,1.1261126741153333
1,8,12,744000,0.0,0.17859970050110982,0.6253728119881784
2,8,12,424000,0.0,0.2528611862799023,0.8748680151090663
3,8,12,264000,0.0,0.32565950668590427,1.1253231281257337
1,8,13,746000,0.0,0.17954483567476684,0.6248144206006537
2,8,13,426000,0.0,0.25281561338444325,0.8750425607863752
3,8,13,266000,0.0,0.32459872531193495,1.125341062762495
1,8,14,748000,0.0,0.1794839459670579,0.6250313181066984
2,8,14,428000,0.0,0.25219101303878866,0.8749725666270216
3,8,14,268000,0.0,0.3245808524029615,1.1261839715320288
1,8,15,750000,0.0,0.18079178849447936,0.6248452969761729
2,8,15,430000,0.0,0.25198645282491927,0.8744486436015864
3,8,15,270000,0.0,0.3209380554381047,1.126083929976167
1,8,16,752000,0.0,0.18000499752010157,0.6247225107688137
2,8,16,432000,0.0,0.2521689344111206,0.875363874742146
3,8,16,272000,0.0,0.3244243291290668,1.1261943274442605
1,8,17,754000,0.0,0.1795475939166603,0.6250328773963691
2,8,17,434000,0.0,0.2521109818074922,0.8747574137617802
3,8,17,274000,0.0,0.3252804260020001,1.1257321417523138
1,8,18,756000,0.0,0.18050332006310751,0.6247545303106858
2,8,18,436000,0.0,0.25218923610245525,0.8748905046430905
3,8,18,276000,0.0,0.3247288415952517,1.1253164201065198
1,8,19,758000,0.0,0.17979068435804035,0.6252913945929621
2,8,19,438000,0.0,0.2524958640640229,0.8752791740059783
3,8,19,278000,0.0,0.32391479265168205,1.1263451010744614
1,8,20,760000,0.0,0.18038096127338712,0.625361683484353
2,8,20,440000,0.0,0.2525043461941974,0.8750122970283494
3,8,20,280000,0.0,0.3240517360770326,1.1261611740171558
1,9,1,812000,0.0,0.16026057584292655,0.6251551467347861
2,9,1,452000,2.0E-5,0.22467177539507516,0.8750459981087628
3,9,1,272000,1.2E-4,0.28912743221926296,1.125129578056042
1,9,2,814000,0.0,0.15989455634445662,0.6251117328567064
2,9,2,454000,0.0,0.22506920966540842,0.874253994478003
3,9,2,274000,4.0E-5,0.2879460741191696,1.1253143022629462
1,9,3,816000,0.0,0.16068950733653634,0.6250539882009325
2,9,3,456000,0.0,0.22406295773988635,0.8755723384502804
3,9,3,276000,0.0,0.28710608188476594,1.1253087229334733
1,9,4,818000,0.0,0.16003063619471802,0.6250091786692741
2,9,4,458000,0.0,0.22327174167188646,0.8749988552151169
3,9,4,278000,0.0,0.2884926362201934,1.125484634446236
1,9,5,820000,0.0,0.16112447682955372,0.6257794997536946
2,9,5,460000,0.0,0.22375028479410564,0.8749403056327789
3,9,5,280000,0.0,0.28738696980168466,1.1244968842111813
1,9,6,822000,0.0,0.15994727183076138,0.6247771799338458
2,9,6,462000,0.0,0.22374902682531625,0.8756794308504142
3,9,6,282000,0.0,0.2868272882388767,1.1258516206648954
1,9,7,824000,0.0,0.15994083747129578,0.6252009990847917
2,9,7,464000,0.0,0.22395746991339452,0.8748492951574345
3,9,7,284000,0.0,0.2875482909900216,1.1251272570253283
1,9,8,826000,0.0,0.16019480484195048,0.6248844288991764
2,9,8,466000,0.0,0.22435221670389424,0.8749126774779771
3,9,8,286000,0.0,0.288590333766631,1.1252326057724065
1,9,9,828000,0.0,0.16069227938522268,0.6246478588178993
2,9,9,468000,0.0,0.22583138153907528,0.8753328711862184
3,9,9,288000,0.0,0.28891722311642754,1.1259100513285654
1,9,10,830000,0.0,0.15977893037130317,0.6249734908373009
2,9,10,470000,0.0,0.22399081224226539,0.8755752717961285
3,9,10,290000,0.0,0.28762951200059406,1.1248940658811473
1,9,11,832000,0.0,0.16095715844375402,0.6259297726443047
2,9,11,472000,0.0,0.22340878664454522,0.8753617413444154
3,9,11,292000,0.0,0.2877940174959457,1.125305555485835
1,9,12,834000,0.0,0.16069412243916054,0.6246798271881852
2,9,12,474000,0.0,0.223396265839123,0.8743159903057612
3,9,12,294000,0.0,0.28702890080574456,1.1252902005830667
1,9,13,836000,0.0,0.16037155425183303,0.6252561144199023
2,9,13,476000,0.0,0.22497487538585487,0.8745595890580138
3,9,13,296000,0.0,0.28826263231928884,1.1248884981352056
1,9,14,838000,0.0,0.1607832049871946,0.6246854456115625
2,9,14,478000,0.0,0.22285890095692118,0.8752019200794032
3,9,14,298000,0.0,0.2870064632735122,1.1253567507534474
1,9,15,840000,0.0,0.1603129743090795,0.6244661001265284
2,9,15,480000,0.0,0.22528443763989042,0.875100668188115
3,9,15,300000,0.0,0.28890090417255254,1.1249161377750423
1,9,16,842000,0.0,0.15975084652806673,0.6246902367723075
2,9,16,482000,0.0,0.22379057093910337,0.875032912392855
3,9,16,302000,0.0,0.28815742974164027,1.1251312926176495
1,9,17,844000,0.0,0.16078506707373516,0.6252135625336229
2,9,17,484000,0.0,0.224618803426266,0.8753452777724515
3,9,17,304000,0.0,0.29023706947208117,1.125666273215405
1,9,18,846000,0.0,0.16021299799936062,0.6248975447349528
2,9,18,486000,0.0,0.22426016527313397,0.8747951580563423
3,9,18,306000,0.0,0.28797018734307644,1.1246141363286093
1,9,19,848000,0.0,0.1607869790782523,0.6245220866220331
2,9,19,488000,0.0,0.22440175821092914,0.8748488341497856
3,9,19,308000,0.0,0.28899246767475056,1.1252218671917313
1,9,20,850000,0.0,0.16012277514405165,0.6254620455522643
2,9,20,490000,0.0,0.22269971965662583,0.8746732524296026
3,9,20,310000,0.0,0.2880419953570703,1.1251572818505406
1,10,1,902000,0.0,0.14439684616687767,0.6246992249369006
2,10,1,502000,0.0,0.20096237186817517,0.8755306961636775
3,10,1,302000,0.0,0.2598181678270507,1.1257077016485288
1,10,2,904000,0.0,0.14513115104612317,0.6252946210689225
2,10,2,504000,0.0,0.20172374884045166,0.8748093134092426
3,10,2,304000,0.0,0.2600675597951708,1.1248542493568663
1,10,3,906000,0.0,0.14414962820657057,0.6252710161772339
2,10,3,506000,0.0,0.20152016319636465,0.8754535523129464
3,10,3,306000,0.0,0.25842441367364544,1.1252981008014569
1,10,4,908000,0.0,0.1444313433528837,0.6249762271891678
2,10,4,508000,0.0,0.20268206019092147,0.8755163495569674
3,10,4,308000,0.0,0.2596584857252472,1.1252652096334619
1,10,5,910000,0.0,0.14395853883564108,0.6244621679466392
2,10,5,510000,0.0,0.2018590306720161,0.8742106587892445
3,10,5,310000,0.0,0.2595016160653266,1.1248663143897835
1,10,6,912000,0.0,0.14395929728633078,0.6246949004627953
2,10,6,512000,0.0,0.2028757831051505,0.8751970600093167
3,10,6,312000,0.0,0.261024216015912,1.124956430405761
1,10,7,914000,0.0,0.14346211085710886,0.6246862921345416
2,10,7,514000,0.0,0.2024997013401097,0.8740670854460598
3,10,7,314000,0.0,0.25905359608590095,1.1247222499679865
1,10,8,916000,0.0,0.14376512705364772,0.625292557095426
2,10,8,516000,0.0,0.2016107333032044,0.8753765024973322
3,10,8,316000,0.0,0.2590656178080044,1.125057293068209
1,10,9,918000,0.0,0.14515207111726242,0.625208615412183
2,10,9,518000,0.0,0.2016954128511923,0.8743491771414809
3,10,9,318000,0.0,0.25863408900783896,1.1253547646765534
1,10,10,920000,0.0,0.14364303175480655,0.6255728243040248
2,10,10,520000,0.0,0.20154650620871312,0.87520575795919
3,10,10,320000,0.0,0.2595236793739802,1.1252100067262418
1,10,11,922000,0.0,0.1437630181758979,0.6251594753595491
2,10,11,522000,0.0,0.2018093028596938,0.875247858400612
3,10,11,322000,0.0,0.2589206666252001,1.125054192321751
1,10,12,924000,0.0,0.14476836120705017,0.6247870256921536
2,10,12,524000,0.0,0.20159368185590076,0.8750651697464581
3,10,12,324000,0.0,0.2595048148102944,1.1252039522050257
1,10,13,926000,0.0,0.144209749990848,0.6252511146049712
2,10,13,526000,0.0,0.20095533597271548,0.8748162480226253
3,10,13,326000,0.0,0.25907184031872127,1.124832632837095
1,10,14,928000,0.0,0.14423597800410695,0.6244637443506958
2,10,14,528000,0.0,0.20081745398871367,0.8746868641749496
3,10,14,328000,0.0,0.260738404445135,1.1249534442640767
1,10,15,930000,0.0,0.14442051375795062,0.6251742246496401
2,10,15,530000,0.0,0.20034135775645687,0.8750710758748433
3,10,15,330000,0.0,0.2590072559973467,1.1249447820906295
1,10,16,932000,0.0,0.143655526940569,0.6252072505931554
2,10,16,532000,0.0,0.20169013268938718,0.8747797122273561
3,10,16,332000,0.0,0.26021034425503026,1.1251282892018906
1,10,17,934000,0.0,0.14390505846999047,0.6250108074379479
2,10,17,534000,0.0,0.2018520514307276,0.8748047756697316
3,10,17,334000,0.0,0.2578814527313223,1.1256499950195054
1,10,18,936000,0.0,0.14350024699895597,0.6253014081082703
2,10,18,536000,0.0,0.20105539918050103,0.8750087279817707
3,10,18,336000,0.0,0.2604028888195665,1.1248529149880475
1,10,19,938000,0.0,0.1435459194525624,0.6251108316419601
2,10,19,538000,0.0,0.2004978725973842,0.875017403333369
3,10,19,338000,0.0,0.25813086721926365,1.124876143316016
1,10,20,940000,0.0,0.14385863019968556,0.6249063665525102
2,10,20,540000,0.0,0.20117688023399846,0.874822126435201
3,10,20,340000,0.0,0.25866409765072607,1.124543249777002
1,11,1,992000,0.0,0.13070705217853482,0.6248506059382146
2,11,1,552000,0.0,0.18366624512292706,0.8756666592636125
3,11,1,332000,4.0E-5,0.23659698700720436,1.1248806215667946
1,11,2,994000,0.0,0.13046934074088526,0.6250097978141201
2,11,2,554000,0.0,0.1835797240681834,0.875079219112527
3,11,2,334000,0.0,0.2367332418474428,1.1254504753218282
1,11,3,996000,0.0,0.13120828260351286,0.6249665203096032
2,11,3,556000,0.0,0.1831388860848664,0.8746647771347255
3,11,3,336000,0.0,0.2352046324278052,1.1256155669811039
1,11,4,998000,0.0,0.13073194502082017,0.6252015787801445
2,11,4,558000,0.0,0.18387191725948115,0.8748412288941383
3,11,4,338000,0.0,0.23564973696388505,1.1247294373767434
1,11,5,1000000,0.0,0.1313569645658381,0.6248181844497576
2,11,5,560000,0.0,0.18331422486914525,0.8750062334400488
3,11,5,340000,0.0,0.23498960241554745,1.1247398604203216
1,11,6,1002000,0.0,0.13080899871621526,0.624955193057106
2,11,6,562000,0.0,0.18396663007922356,0.8753394683867769
3,11,6,342000,0.0,0.2351156105301163,1.1250152442097492
1,11,7,1004000,0.0,0.1310107651660492,0.6251653545779294
2,11,7,564000,0.0,0.18474750517213054,0.875322661122058
3,11,7,344000,0.0,0.2357261627770787,1.1244926348605915
1,11,8,1006000,0.0,0.13058180232635028,0.6248521924791124
2,11,8,566000,0.0,0.18265154595445654,0.8749280342250162
3,11,8,346000,0.0,0.23664767552032098,1.1249972135300412
1,11,9,1008000,0.0,0.13069754331127925,0.6252685023095134
2,11,9,568000,0.0,0.183636083341207,0.8744593194716047
3,11,9,348000,0.0,0.2360535664366509,1.1251399738528989
1,11,10,1010000,0.0,0.13109648415378528,0.6248956267299658
2,11,10,570000,0.0,0.18138714836611095,0.8747034934694368
3,11,10,350000,0.0,0.23443750370416847,1.1243789195843938
1,11,11,1012000,0.0,0.1312569006576715,0.6251389780424389
2,11,11,572000,0.0,0.18300452011427062,0.8739761894289806
3,11,11,352000,0.0,0.23531718868677112,1.1247005666032759
1,11,12,1014000,0.0,0.13087716214692358,0.6251384004084753
2,11,12,574000,0.0,0.18322765469433058,0.8746924441193815
3,11,12,354000,0.0,0.2354427073010916,1.1250465478791598
1,11,13,1016000,0.0,0.1302945532880187,0.6247368221090991
2,11,13,576000,0.0,0.1839560634093066,0.8750435126442375
3,11,13,356000,0.0,0.23598788018044942,1.1253727893093266
1,11,14,1018000,0.0,0.13131399229047994,0.6251313512220402
2,11,14,578000,0.0,0.1826464053854637,0.8749717368850692
3,11,14,358000,0.0,0.23530349500541028,1.1252864618110234
1,11,15,1020000,0.0,0.1306493998362649,0.624667998539611
2,11,15,580000,0.0,0.18299256737061426,0.8745511213604977
3,11,15,360000,0.0,0.23494858377817787,1.125084560876865
1,11,16,1022000,0.0,0.13087632326278043,0.6249446911597921
2,11,16,582000,0.0,0.183303604441074,0.8743281098518848
3,11,16,362000,0.0,0.2370228943330361,1.1260106429486023
1,11,17,1024000,0.0,0.13051824172436852,0.6250599531678666
2,11,17,584000,0.0,0.18454923153783556,0.8752988708125015
3,11,17,364000,0.0,0.2359243844485863,1.1250125251157823
1,11,18,1026000,0.0,0.13093446058172697,0.6249601997380863
2,11,18,586000,0.0,0.18294181148590852,0.8748390216696315
3,11,18,366000,0.0,0.23595903920479983,1.1253587098392073
1,11,19,1028000,0.0,0.13066571778930705,0.624992707791448
2,11,19,588000,0.0,0.1832088711483456,0.874914601075252
3,11,19,368000,0.0,0.23605584507196953,1.1247283389126237
1,11,20,1030000,0.0,0.13110555483636893,0.6244492056090144
2,11,20,590000,0.0,0.18350880591998361,0.8751407539772813
3,11,20,370000,0.0,0.23556981127531518,1.1252896182167493
1,12,1,1082000,0.0,0.11996504582234284,0.6249964332498101
2,12,1,602000,0.0,0.16813999465844465,0.8750666328026226
3,12,1,362000,2.0E-5,0.21537975070270785,1.1247806017012614
1,12,2,1084000,0.0,0.12032506842222766,0.6253062805143667
2,12,2,604000,0.0,0.1689305288434472,0.8751732595903606
3,12,2,364000,0.0,0.21651553649039737,1.1249537553805884
1,12,3,1086000,0.0,0.11980458667502546,0.6251161595212402
2,12,3,606000,0.0,0.16799885541801132,0.8747473438305224
3,12,3,366000,0.0,0.21629061008209213,1.1253076817919165
1,12,4,1088000,0.0,0.12031182875696549,0.625115969746607
2,12,4,608000,0.0,0.16911643309669397,0.8746769424018623
3,12,4,368000,0.0,0.21707268604387017,1.124699722013266
1,12,5,1090000,0.0,0.12087559170606181,0.624780881526817
2,12,5,610000,0.0,0.16747489308575733,0.8751891812527107
3,12,5,370000,0.0,0.21476656782309445,1.1249296594002953
1,12,6,1092000,0.0,0.12013005171536532,0.6252658155971258
2,12,6,612000,0.0,0.16806918515856853,0.8750580942262223
3,12,6,372000,0.0,0.21611476767157378,1.1251429905098416
1,12,7,1094000,0.0,0.12008264809374349,0.6253966986583581
2,12,7,614000,0.0,0.16834137067922741,0.8753288204528881
3,12,7,374000,0.0,0.21811165212960762,1.1255008890264622
1,12,8,1096000,0.0,0.11976843857090631,0.6247721211105607
2,12,8,616000,0.0,0.16846790353861973,0.8747690526151966
3,12,8,376000,0.0,0.21545420248024752,1.1250162781177042
1,12,9,1098000,0.0,0.12045359232946505,0.6249190214196566
2,12,9,618000,0.0,0.16850048785840946,0.8744234302653293
3,12,9,378000,0.0,0.21671934149632902,1.1253304557421075
1,12,10,1100000,0.0,0.12056010008866493,0.6249623115058963
2,12,10,620000,0.0,0.16695461561108524,0.8744915715070134
3,12,10,380000,0.0,0.21581070047884035,1.1249491762504644
1,12,11,1102000,0.0,0.12002134303627016,0.6248027270532224
2,12,11,622000,0.0,0.16820996280898823,0.8743458120246068
3,12,11,382000,0.0,0.2159009498699056,1.1252215208312675
1,12,12,1104000,0.0,0.1205633341449871,0.6256045982438776
2,12,12,624000,0.0,0.16800764958402295,0.8752312385419807
3,12,12,384000,0.0,0.21637280750926524,1.124891190115698
1,12,13,1106000,0.0,0.1200541391511999,0.6253492028176939
2,12,13,626000,0.0,0.16810369660083413,0.8746156628694968
3,12,13,386000,0.0,0.21559519756200773,1.1252069385643324
1,12,14,1108000,0.0,0.1208930317014068,0.624878347819766
2,12,14,628000,0.0,0.16886960491847747,0.8751516901684124
3,12,14,388000,0.0,0.21711183726569483,1.1250037575987097
1,12,15,1110000,0.0,0.11925467903890462,0.6247299189171249
2,12,15,630000,0.0,0.16847996712488145,0.8748761317393038
3,12,15,390000,0.0,0.21629135661280605,1.1248507405150767
1,12,16,1112000,0.0,0.12016826230291433,0.6247084744465303
2,12,16,632000,0.0,0.1677112717723871,0.8749557866635193
3,12,16,392000,0.0,0.21707508044826626,1.1245494603278068
1,12,17,1114000,0.0,0.11972501819072921,0.624538135849617
2,12,17,634000,0.0,0.16872572390663812,0.87454065817175
3,12,17,394000,0.0,0.21608671330755627,1.1247031311921647
1,12,18,1116000,0.0,0.12042825466619979,0.6252924049395258
2,12,18,636000,0.0,0.1678508528059438,0.8747500482911236
3,12,18,396000,0.0,0.2175922064176792,1.1249474232169472
1,12,19,1118000,0.0,0.12006658991768432,0.6248824562981667
2,12,19,638000,0.0,0.16827086520766799,0.8750690564110907
3,12,19,398000,0.0,0.217741430603603,1.1246567408984687
1,12,20,1120000,0.0,0.11952479175032998,0.6254633266526568
2,12,20,640000,0.0,0.16710842703388293,0.875077521084577
3,12,20,400000,0.0,0.217276930295445,1.1247676019989126
1,13,1,1172000,0.0,0.11012352598160326,0.6248978060816627
2,13,1,652000,0.0,0.1555568551452246,0.8748963262036844
3,13,1,392000,0.0,0.19996087769222035,1.1247841289760976
1,13,2,1174000,0.0,0.11003133102369853,0.6249095038166693
2,13,2,654000,0.0,0.1549391990035722,0.8756320540070681
3,13,2,394000,0.0,0.20005799487248138,1.1248552413505628
1,13,3,1176000,0.0,0.11032242537601664,0.6251514825086233
2,13,3,656000,0.0,0.15526090297091152,0.8751872242345006
3,13,3,396000,0.0,0.19921118809429095,1.1252306172352278
1,13,4,1178000,0.0,0.11030928375841599,0.6247526951874917
2,13,4,658000,0.0,0.15521133534089046,0.875262783270503
3,13,4,398000,0.0,0.19979768202378295,1.1253114359048384
1,13,5,1180000,0.0,0.11078991033801071,0.6249951365314587
2,13,5,660000,0.0,0.15540542006540856,0.8753665977357602
3,13,5,400000,0.0,0.19917765331484635,1.1250247160443312
1,13,6,1182000,0.0,0.11113271952336053,0.624687721373706
2,13,6,662000,0.0,0.15476445214384332,0.875234379752744
3,13,6,402000,0.0,0.19930241053372807,1.1253127503834492
1,13,7,1184000,0.0,0.1099337844218462,0.6243318178365914
2,13,7,664000,0.0,0.15549569390653328,0.8748288852372844
3,13,7,404000,0.0,0.1999052756668219,1.1244099356792892
1,13,8,1186000,0.0,0.11051676825569277,0.6247418296922456
2,13,8,666000,0.0,0.15599871123122486,0.8752109284467499
3,13,8,406000,0.0,0.19969833100988266,1.125458409797528
1,13,9,1188000,0.0,0.11081883414201209,0.6249407907542711
2,13,9,668000,0.0,0.1546628831407842,0.8753285298045658
3,13,9,408000,0.0,0.1992231370336491,1.1246719656536204
1,13,10,1190000,0.0,0.11078952456760266,0.6247710178628562
2,13,10,670000,0.0,0.1545773833929674,0.8752501448507738
3,13,10,410000,0.0,0.19904738478168735,1.1249470898883138
1,13,11,1192000,0.0,0.11068633620239035,0.6243720891529199
2,13,11,672000,0.0,0.15447327903290686,0.8749263797938195
3,13,11,412000,0.0,0.19954410546456114,1.125105733702867
1,13,12,1194000,0.0,0.11040997047135209,0.624952330893001
2,13,12,674000,0.0,0.15473962678353298,0.8744251396070776
3,13,12,414000,0.0,0.19855325078608302,1.1244549247287072
1,13,13,1196000,0.0,0.11067714045633523,0.6245672905059675
2,13,13,676000,0.0,0.15527328444753052,0.875119229888525
3,13,13,416000,0.0,0.20011297303156644,1.1255426741128296
1,13,14,1198000,0.0,0.10999516916342962,0.624415419646207
2,13,14,678000,0.0,0.154732889156773,0.8751284266919457
3,13,14,418000,0.0,0.20016583145011838,1.1250215019102867
1,13,15,1200000,0.0,0.11104253357216678,0.6253167729588294
2,13,15,680000,0.0,0.15494130245335772,0.8749908317895703
3,13,15,420000,0.0,0.1999906756479114,1.1243498500152893
1,13,16,1202000,0.0,0.11088208178154077,0.6248989292175251
2,13,16,682000,0.0,0.15483106801390714,0.8752521699447071
3,13,16,422000,0.0,0.19983551836425809,1.1248537926706192
1,13,17,1204000,0.0,0.11073620526119411,0.6252566955346616
2,13,17,684000,0.0,0.155094098522533,0.8754468871507282
3,13,17,424000,0.0,0.19912141976511896,1.1252551953053689
1,13,18,1206000,0.0,0.11152163880327975,0.6246180878219069
2,13,18,686000,0.0,0.15329033237055845,0.8746156316269732
3,13,18,426000,0.0,0.1994374608816081,1.1253819745083227
1,13,19,1208000,0.0,0.11094735129526544,0.624798211180746
2,13,19,688000,0.0,0.15502570557277565,0.8755347461805066
3,13,19,428000,0.0,0.19998158043694403,1.124125330653945
1,13,20,1210000,0.0,0.11100666357410059,0.625022357020313
2,13,20,690000,0.0,0.15441331557179544,0.8748199070204489
3,13,20,430000,0.0,0.19909823553527686,1.1250788462407055
1,14,1,1262000,0.0,0.10281922676262457,0.6254542251565288
2,14,1,702000,0.0,0.14388389143872438,0.8753954274843355
3,14,1,422000,0.0,0.18494816810973141,1.1251653854510657
1,14,2,1264000,0.0,0.10333129965631413,0.6251913066673087
2,14,2,704000,0.0,0.1441405118424755,0.8753264916615148
3,14,2,424000,0.0,0.18500964468580472,1.1251611899526015
1,14,3,1266000,0.0,0.10319122926151003,0.6250153553112162
2,14,3,706000,0.0,0.1432880650615528,0.875206612307172
3,14,3,426000,0.0,0.18490498246956785,1.1248812323783717
1,14,4,1268000,0.0,0.10275349144570056,0.6249875767177554
2,14,4,708000,0.0,0.14375510210448242,0.8746917658452186
3,14,4,428000,0.0,0.18457116016207903,1.1251369192543248
1,14,5,1270000,0.0,0.10304598937717346,0.6247539231186366
2,14,5,710000,0.0,0.1430955642859911,0.8746565140189062
3,14,5,430000,0.0,0.18436745819875672,1.1259008466890992
1,14,6,1272000,0.0,0.10251873880968168,0.624124838151861
2,14,6,712000,0.0,0.14416683386851198,0.8748612185080887
3,14,6,432000,0.0,0.18537480124830408,1.1246919778633504
1,14,7,1274000,0.0,0.10295955827988842,0.6254044447002635
2,14,7,714000,0.0,0.14352264455382505,0.8744716245789724
3,14,7,434000,0.0,0.18492219189166578,1.1251742036645929
1,14,8,1276000,0.0,0.10259265921969443,0.6247700323220813
2,14,8,716000,0.0,0.1437662608566874,0.8753598958418652
3,14,8,436000,0.0,0.18514051554084024,1.125029564840903
1,14,9,1278000,0.0,0.10269355363558465,0.6247155336895035
2,14,9,718000,0.0,0.14430606877124674,0.8748074669716885
3,14,9,438000,0.0,0.18535303584086513,1.1247819606041178
1,14,10,1280000,0.0,0.10223938250061514,0.6248870915352803
2,14,10,720000,0.0,0.14446765130816983,0.8745510532134582
3,14,10,440000,0.0,0.1857224401530581,1.1249752663003434
1,14,11,1282000,0.0,0.10259317832744592,0.6254870298379366
2,14,11,722000,0.0,0.14460165471662312,0.8750787762280072
3,14,11,442000,0.0,0.18606949631785338,1.1255204694411662
1,14,12,1284000,0.0,0.10280131640798792,0.6248182521815379
2,14,12,724000,0.0,0.1440660528853834,0.8753344989963653
3,14,12,444000,0.0,0.18522218061775222,1.1252567444352302
1,14,13,1286000,0.0,0.10279788020447003,0.6246946404172179
2,14,13,726000,0.0,0.1443902991387898,0.8750027272089957
3,14,13,446000,0.0,0.1853572865831721,1.125201387870421
1,14,14,1288000,0.0,0.10299170117606793,0.6246914233207315
2,14,14,728000,0.0,0.14408797161987863,0.8753973646264068
3,14,14,448000,0.0,0.1846947960661523,1.1254530707796173
1,14,15,1290000,0.0,0.10238329751973506,0.6248174683615947
2,14,15,730000,0.0,0.14437764690047014,0.8749150811084367
3,14,15,450000,0.0,0.1862211656130707,1.1248755975626143
1,14,16,1292000,0.0,0.10363699120212207,0.6249945200968656
2,14,16,732000,0.0,0.14361889508009923,0.8742778372953538
3,14,16,452000,0.0,0.18545526896816736,1.1251669589064415
1,14,17,1294000,0.0,0.10311846782611914,0.6251455664990904
2,14,17,734000,0.0,0.14356959143421485,0.8750452186921923
3,14,17,454000,0.0,0.18475851387669948,1.124617120074666
1,14,18,1296000,0.0,0.10288681528125918,0.6244153385529542
2,14,18,736000,0.0,0.14420004948252305,0.8751162502624156
3,14,18,456000,0.0,0.18526543999700254,1.1248288355294602
1,14,19,1298000,0.0,0.10261364892333262,0.6249758334249448
2,14,19,738000,0.0,0.144778047566237,0.8754082698683188
3,14,19,458000,0.0,0.18623558984943142,1.124723089668896
1,14,20,1300000,0.0,0.10296045679801942,0.6249234143992553
2,14,20,740000,0.0,0.1440814522397673,0.8748886890036057
3,14,20,460000,0.0,0.18464626118364164,1.124350527113229
1,15,1,1352000,0.0,0.0966497032812624,0.6257892538006855
2,15,1,752000,0.0,0.13445192738656742,0.8747549433425907
3,15,1,452000,0.0,0.17283591573515505,1.1249046860931726
1,15,2,1354000,0.0,0.09524722129124168,0.624808617485906
2,15,2,754000,0.0,0.1345836585621814,0.8744042271849988
3,15,2,454000,0.0,0.17341804237012604,1.1250871317847315
1,15,3,1356000,0.0,0.0962021763034458,0.6244633650527606
2,15,3,756000,0.0,0.13422255913019648,0.8751962116219397
3,15,3,456000,0.0,0.1741303274544484,1.125060528068422
1,15,4,1358000,0.0,0.09530026631324963,0.6247252582642451
2,15,4,758000,0.0,0.1344593268997242,0.8746507025308986
3,15,4,458000,0.0,0.1723740717567623,1.1244461213676853
1,15,5,1360000,0.0,0.09649328911508868,0.625553221085235
2,15,5,760000,0.0,0.1342236665846479,0.8749429760846106
3,15,5,460000,0.0,0.17251799474672752,1.124021692623816
1,15,6,1362000,0.0,0.0958855259872921,0.6254045368226938
2,15,6,762000,0.0,0.13389169558074046,0.8751112596244532
3,15,6,462000,0.0,0.17324538440896048,1.124663845072209
1,15,7,1364000,0.0,0.09535660670752555,0.6244202881438292
2,15,7,764000,0.0,0.13430190649455503,0.8752502378615714
3,15,7,464000,0.0,0.17307311237071912,1.125178988730752
1,15,8,1366000,0.0,0.09538030187632614,0.6249984072766178
2,15,8,766000,0.0,0.1340901325157303,0.8750393638632246
3,15,8,466000,0.0,0.1738362404126058,1.125572039318385
1,15,9,1368000,0.0,0.09557447560070151,0.624998282593595
2,15,9,768000,0.0,0.13475526887491038,0.8752389073875207
3,15,9,468000,0.0,0.17344446698913604,1.124594581843163
1,15,10,1370000,0.0,0.09603596002725841,0.6253621880552874
2,15,10,770000,0.0,0.13354757844140805,0.8751443534766201
3,15,10,470000,0.0,0.17316822662656103,1.1250211106361243
1,15,11,1372000,0.0,0.0959566613708013,0.6252198499001128
2,15,11,772000,0.0,0.13366113161068136,0.8751981923350454
3,15,11,472000,0.0,0.17282846287759637,1.1249923336702525
1,15,12,1374000,0.0,0.09607747231217795,0.6254498680619649
2,15,12,774000,0.0,0.13483110924351627,0.8751035908930829
3,15,12,474000,0.0,0.17330644555844552,1.125028758498502
1,15,13,1376000,0.0,0.09562948041163594,0.625216225688753
2,15,13,776000,0.0,0.13414922394070317,0.8746127346569064
3,15,13,476000,0.0,0.17243377065428075,1.1251248673514012
1,15,14,1378000,0.0,0.09577559050919979,0.6249414769647361
2,15,14,778000,0.0,0.13501898499341866,0.8748174091484548
3,15,14,478000,0.0,0.1738740727385574,1.1248090109039097
1,15,15,1380000,0.0,0.09562742459037529,0.6247762317158612
2,15,15,780000,0.0,0.13458855105836648,0.8752749861476963
3,15,15,480000,0.0,0.1731058972271951,1.125004598872664
1,15,16,1382000,0.0,0.095312847245433,0.6252725424011277
2,15,16,782000,0.0,0.13460924795712803,0.8741269966733711
3,15,16,482000,0.0,0.1724957018909706,1.1249071039609637
1,15,17,1384000,0.0,0.09588315090202806,0.6252547085590744
2,15,17,784000,0.0,0.13365037950622563,0.875020373342926
3,15,17,484000,0.0,0.17262350463908943,1.1250125838736273
1,15,18,1386000,0.0,0.09562401557197125,0.6253108351842918
2,15,18,786000,0.0,0.1346289748559667,0.8745114950650942
3,15,18,486000,0.0,0.173741783029418,1.1250068489948035
1,15,19,1388000,0.0,0.09626466589068558,0.6255664223787905
2,15,19,788000,0.0,0.13423777930000388,0.8751002187763239
3,15,19,488000,0.0,0.17360536069775734,1.1251448603627776
1,15,20,1390000,0.0,0.09654954548637366,0.6249662005786326
2,15,20,790000,0.0,0.1345374894599928,0.8748795504825039
3,15,20,490000,0.0,0.1739722916154995,1.1249791477173037
1,16,1,1442000,0.0,0.08980654433507712,0.6244256740616032
2,16,1,802000,0.0,0.12574411472739175,0.8743215967525488
3,16,1,482000,0.0,0.1620729554637155,1.1248040575064375
1,16,2,1444000,0.0,0.09006726168676427,0.6254003810396365
2,16,2,804000,0.0,0.12536410575784418,0.8747322889734825
3,16,2,484000,0.0,0.1616302648555145,1.125771999773427
1,16,3,1446000,0.0,0.08964803252454714,0.624971182366028
2,16,3,806000,0.0,0.12589398849366748,0.874979023449295
3,16,3,486000,0.0,0.16256416318119057,1.125369168112432
1,16,4,1448000,0.0,0.09042272315743598,0.6249977066573864
2,16,4,808000,0.0,0.12584863808807562,0.8749320303827297
3,16,4,488000,0.0,0.16278031963665457,1.1252845389092028
1,16,5,1450000,0.0,0.09020143263755478,0.6248941907765551
2,16,5,810000,0.0,0.12587593582347856,0.8746131426599602
3,16,5,490000,0.0,0.16257517790792592,1.1246696018663576
1,16,6,1452000,0.0,0.08943179419239822,0.6247076419674682
2,16,6,812000,0.0,0.1263384369039104,0.8750687413638711
3,16,6,492000,0.0,0.16219484272786103,1.1247384668286886
1,16,7,1454000,0.0,0.09044282289640566,0.6250713852203237
2,16,7,814000,0.0,0.12526126646583122,0.874947485088964
3,16,7,494000,0.0,0.16214003158097118,1.1243736109332048
1,16,8,1456000,0.0,0.08933879410199952,0.6247857907197053
2,16,8,816000,0.0,0.12675366455640819,0.8744145281237478
3,16,8,496000,0.0,0.16155985644690624,1.125571196358192
1,16,9,1458000,0.0,0.09009968869056875,0.6252415802218909
2,16,9,818000,0.0,0.1264737367968617,0.8756030417690133
3,16,9,498000,0.0,0.1627415517943545,1.1252625328846781
1,16,10,1460000,0.0,0.08993627356830224,0.6254267091021817
2,16,10,820000,0.0,0.12578457221286984,0.875319399790405
3,16,10,500000,0.0,0.16218364530688403,1.1252271240423124
1,16,11,1462000,0.0,0.09004744134023078,0.6249146069034639
2,16,11,822000,0.0,0.12524904960074104,0.8749521636618217
3,16,11,502000,0.0,0.16258279228353412,1.1251607588922792
1,16,12,1464000,0.0,0.08977728397057066,0.6245383658160956
2,16,12,824000,0.0,0.1252745989092894,0.8751221703452218
3,16,12,504000,0.0,0.16192000339387136,1.1244810589835705
1,16,13,1466000,0.0,0.08965849824491967,0.6252643784745618
2,16,13,826000,0.0,0.1260682117414783,0.8749497533462508
3,16,13,506000,0.0,0.1624447579287006,1.1244070209902488
1,16,14,1468000,0.0,0.09012123525110549,0.6252035587127405
2,16,14,828000,0.0,0.1259564521927209,0.8750668943340393
3,16,14,508000,0.0,0.1612686382751232,1.1252366360230632
1,16,15,1470000,0.0,0.09003799618475193,0.6247854592760695
2,16,15,830000,0.0,0.12582153659923234,0.8746397830177605
3,16,15,510000,0.0,0.1617634329659309,1.1254685831993052
1,16,16,1472000,0.0,0.08952973928558221,0.6249584461122326
2,16,16,832000,0.0,0.12612993603077138,0.8753008271622503
3,16,16,512000,0.0,0.16089497956204168,1.125065969837559
1,16,17,1474000,0.0,0.08985292799629474,0.6251326668143561
2,16,17,834000,0.0,0.12557979638686032,0.8749448121313869
3,16,17,514000,0.0,0.1615426424504288,1.1247239061814474
1,16,18,1476000,0.0,0.08976374565741642,0.6250154332330328
2,16,18,836000,0.0,0.1261927617734161,0.8757027195325869
3,16,18,516000,0.0,0.16207340765332834,1.1247010977796994
1,16,19,1478000,0.0,0.08979839867984997,0.6245412182289514
2,16,19,838000,0.0,0.1256494872140411,0.8752437194930237
3,16,19,518000,0.0,0.1615424343139629,1.124750399228009
1,16,20,1480000,0.0,0.0891869080111189,0.625061290974195
2,16,20,840000,0.0,0.12592139288711635,0.8754012030571461
3,16,20,520000,0.0,0.16221000644318265,1.1244584093659225
1,17,1,1532000,0.0,0.0847941895886214,0.6246706997566647
2,17,1,852000,0.0,0.1190641351713435,0.8749633678347195
3,17,1,512000,0.0,0.15204236539439017,1.1250023719589932
1,17,2,1534000,0.0,0.08492968030423963,0.6253198940809371
2,17,2,854000,0.0,0.11967379657129343,0.8750778795166434
3,17,2,514000,0.0,0.15205356100056314,1.1254616865466989
1,17,3,1536000,0.0,0.08510320893160578,0.6251644500920178
2,17,3,856000,0.0,0.11890847085567265,0.8749018168258988
3,17,3,516000,0.0,0.15243742000802354,1.125292805065583
1,17,4,1538000,0.0,0.08483753488070635,0.6258378566836569
2,17,4,858000,0.0,0.11867892724166307,0.8746947165757134
3,17,4,518000,0.0,0.15175352496254985,1.1251024471504036
1,17,5,1540000,0.0,0.08433857344573797,0.6248218141972833
2,17,5,860000,0.0,0.11876734076036088,0.8746963875635361
3,17,5,520000,0.0,0.15237551767198357,1.1245084351012617
1,17,6,1542000,0.0,0.08474400609723794,0.6254501612544686
2,17,6,862000,0.0,0.11844780467992312,0.8749544040547531
3,17,6,522000,0.0,0.15103309665498854,1.1248026324712261
1,17,7,1544000,0.0,0.08443368437587549,0.6250018718563131
2,17,7,864000,0.0,0.11868449084308418,0.8747395096884228
3,17,7,524000,0.0,0.15316022071763227,1.1247602168226893
1,17,8,1546000,0.0,0.0849079693104476,0.6249631525183865
2,17,8,866000,0.0,0.11869691990089676,0.8752171062202464
3,17,8,526000,0.0,0.15194987807408608,1.1244551950821644
1,17,9,1548000,0.0,0.08447384976534997,0.6257571193080108
2,17,9,868000,0.0,0.11857115430363697,0.8750103572042416
3,17,9,528000,0.0,0.15190805736290994,1.12490004618606
1,17,10,1550000,0.0,0.08485441377573853,0.6250571442247658
2,17,10,870000,0.0,0.1181580899441902,0.8746877531164463
3,17,10,530000,0.0,0.15260018679705634,1.1251746901596626
1,17,11,1552000,0.0,0.08480435364577112,0.6256625927341045
2,17,11,872000,0.0,0.1186752523827441,0.874495490490037
3,17,11,532000,0.0,0.1517195398559038,1.1248618293579087
1,17,12,1554000,0.0,0.08515852778176702,0.6249537041038625
2,17,12,874000,0.0,0.11823782769737612,0.8746660559599994
3,17,12,534000,0.0,0.15324780967380278,1.1251183469617496
1,17,13,1556000,0.0,0.08479173218005526,0.6250717621048616
2,17,13,876000,0.0,0.11901694660689076,0.874689222573514
3,17,13,536000,0.0,0.1523751852925238,1.1246390579949384
1,17,14,1558000,0.0,0.08481648854128428,0.6250509490410935
2,17,14,878000,0.0,0.11880556065380506,0.8746510108330361
3,17,14,538000,0.0,0.15179669991441164,1.1249146658653664
1,17,15,1560000,0.0,0.08427486798070913,0.6248342207012946
2,17,15,880000,0.0,0.11856945756704199,0.8746566385662117
3,17,15,540000,0.0,0.15258019052012048,1.1252181347094432
1,17,16,1562000,0.0,0.08449631844200264,0.6246857545725231
2,17,16,882000,0.0,0.11863129880700184,0.8750932483790326
3,17,16,542000,0.0,0.15298828757689106,1.125199690846086
1,17,17,1564000,0.0,0.08474779266989926,0.6251211735239018
2,17,17,884000,0.0,0.11842055693013528,0.8749642900661191
3,17,17,544000,0.0,0.15196541676568923,1.124341397222872
1,17,18,1566000,0.0,0.08483344075954313,0.6249362412273687
2,17,18,886000,0.0,0.11905049561265907,0.8751066972614283
3,17,18,546000,0.0,0.15292527471617665,1.124778536026655
1,17,19,1568000,0.0,0.08454840642502373,0.6249498950066632
2,17,19,888000,0.0,0.11843603433646104,0.8755106085451887
3,17,19,548000,0.0,0.151306096340221,1.1252072381036633
1,17,20,1570000,0.0,0.08451012011425543,0.6250563931330618
2,17,20,890000,0.0,0.11888801369277784,0.8754209105848556
3,17,20,550000,0.0,0.1524814231837314,1.1245884909914863
1,18,1,1622000,0.0,0.0803105070187999,0.6250913657935127
2,18,1,902000,0.0,0.1121041401346887,0.8754902795618408
3,18,1,542000,0.0,0.142922751689643,1.1252807446208608
1,18,2,1624000,0.0,0.08023260824033979,0.6250216216787345
2,18,2,904000,0.0,0.11193609869292266,0.8752480043883683
3,18,2,544000,0.0,0.14389220667043887,1.125215036996909
1,18,3,1626000,0.0,0.0801206747864989,0.624896484669679
2,18,3,906000,0.0,0.11275453474518196,0.8750613442851534
3,18,3,546000,0.0,0.144144555198797,1.1248247999479513
1,18,4,1628000,0.0,0.08020741633961742,0.6257632207653837
2,18,4,908000,0.0,0.11241730201473914,0.8756341572648276
3,18,4,548000,0.0,0.1435543092275457,1.1248496570970603
1,18,5,1630000,0.0,0.0803487296969749,0.6253083238909277
2,18,5,910000,0.0,0.11194168723803687,0.875064400013917
3,18,5,550000,0.0,0.14367825665135542,1.1250352543290207
1,18,6,1632000,0.0,0.08062471279052871,0.6248279059493557
2,18,6,912000,0.0,0.1122548336534611,0.8745497233232442
3,18,6,552000,0.0,0.14466629678782672,1.125326700055225
1,18,7,1634000,0.0,0.08004201270309973,0.6246711222845359
2,18,7,914000,0.0,0.11193394953764892,0.8756157003798211
3,18,7,554000,0.0,0.14355646224385277,1.124632567431394
1,18,8,1636000,0.0,0.08018181675839192,0.6247281920325239
2,18,8,916000,0.0,0.11203872066084251,0.8749742507888341
3,18,8,556000,0.0,0.14392470517811717,1.1250442258533453
1,18,9,1638000,0.0,0.08006923642081896,0.6248534415773945
2,18,9,918000,0.0,0.1119049656751231,0.8752708316033355
3,18,9,558000,0.0,0.14331908581600336,1.1252991136799686
1,18,10,1640000,0.0,0.080208296073436,0.6249230657774792
2,18,10,920000,0.0,0.11190580426286838,0.8746444651912941
3,18,10,560000,0.0,0.1435755366133188,1.1250671980403424
1,18,11,1642000,0.0,0.08010739871532188,0.625049450105794
2,18,11,922000,0.0,0.11211285770295516,0.8746723221113768
3,18,11,562000,0.0,0.14259572524992672,1.1249123717901535
1,18,12,1644000,0.0,0.0800248336212551,0.6244009519615172
2,18,12,924000,0.0,0.11224480162338242,0.8754431549881987
3,18,12,564000,0.0,0.14352110049441827,1.1252800900817288
1,18,13,1646000,0.0,0.0800886378896297,0.6251748135231929
2,18,13,926000,0.0,0.11251226462534479,0.8750827230141417
3,18,13,566000,0.0,0.14408727514638986,1.1253344675867265
1,18,14,1648000,0.0,0.0801996347406774,0.6246887777116602
2,18,14,928000,0.0,0.11210240304786462,0.8750783319694392
3,18,14,568000,0.0,0.1442800932245116,1.1252615121608376
1,18,15,1650000,0.0,0.0803914878545903,0.6250079508807378
2,18,15,930000,0.0,0.1116972662603426,0.8749355531983287
3,18,15,570000,0.0,0.14388808062114938,1.1250716134491257
1,18,16,1652000,0.0,0.08013977840129034,0.6255538729427992
2,18,16,932000,0.0,0.11190884523589495,0.8751365566135879
3,18,16,572000,0.0,0.14361355961292,1.1248872675159227
1,18,17,1654000,0.0,0.07976438933018976,0.6247160221326862
2,18,17,934000,0.0,0.1119588474277246,0.8748240897343279
3,18,17,574000,0.0,0.14386424728057773,1.1248451805099486
1,18,18,1656000,0.0,0.08036930702740631,0.6252035953582796
2,18,18,936000,0.0,0.11210100189953572,0.8748716720753286
3,18,18,576000,0.0,0.14397928697178086,1.1254655973354035
1,18,19,1658000,0.0,0.08023989848582654,0.6248152494474234
2,18,19,938000,0.0,0.11186900149520279,0.8745795975915095
3,18,19,578000,0.0,0.14380583548803247,1.1252030878707795
1,18,20,1660000,0.0,0.08021122313952202,0.6249816089218465
2,18,20,940000,0.0,0.11177654535181121,0.8742352699690196
3,18,20,580000,0.0,0.14344086126292996,1.124979096472197
1,19,1,1712000,0.0,0.07609061141347424,0.6244605498702641
2,19,1,952000,0.0,0.10615892110044323,0.8752023955299123
3,19,1,572000,0.0,0.1359086003433516,1.1252333591681165
1,19,2,1714000,0.0,0.07599765404014758,0.6252445409897371
2,19,2,954000,0.0,0.10579869430905457,0.8745985593661526
3,19,2,574000,0.0,0.13628196799111936,1.1246751240975712
1,19,3,1716000,0.0,0.07586497217504376,0.624884550109151
2,19,3,956000,0.0,0.10634409751450248,0.8743362502248951
3,19,3,576000,0.0,0.13705803419386625,1.125733408158085
1,19,4,1718000,0.0,0.07540614705440206,0.6249159933030104
2,19,4,958000,0.0,0.1062520529282185,0.875132566389773
3,19,4,578000,0.0,0.13614564017870182,1.1251263714831383
1,19,5,1720000,0.0,0.07593723934926734,0.6248013428745756
2,19,5,960000,0.0,0.10641434350063714,0.8746305804819239
3,19,5,580000,0.0,0.13676219737251288,1.124550345814531
1,19,6,1722000,0.0,0.07565737415735549,0.6244900900452025
2,19,6,962000,0.0,0.10606937888680694,0.8749664281350366
3,19,6,582000,0.0,0.13560359200228603,1.1249511721545866
1,19,7,1724000,0.0,0.07603502649308277,0.6252328709816326
2,19,7,964000,0.0,0.10635868690029446,0.8743726679670168
3,19,7,584000,0.0,0.13660939729520874,1.1249209468354424
1,19,8,1726000,0.0,0.07532656929511095,0.6251570011323212
2,19,8,966000,0.0,0.10642193343019528,0.8743895158312959
3,19,8,586000,0.0,0.13636608706148085,1.1248755114353195
1,19,9,1728000,0.0,0.07561220497875046,0.6246414728114892
2,19,9,968000,0.0,0.10662740890738603,0.875241109981659
3,19,9,588000,0.0,0.1363491333432511,1.1245155759062917
1,19,10,1730000,0.0,0.07602496002165587,0.625366572515766
2,19,10,970000,0.0,0.10599555358338719,0.8747877822372898
3,19,10,590000,0.0,0.1362868933660234,1.1251976710462666
1,19,11,1732000,0.0,0.07574669423109212,0.625526578674389
2,19,11,972000,0.0,0.10572663674954275,0.8749115201288464
3,19,11,592000,0.0,0.13582934694642504,1.1251286894547634
1,19,12,1734000,0.0,0.0758351455592544,0.6254570465718249
2,19,12,974000,0.0,0.1061293684516052,0.8748977676378732
3,19,12,594000,0.0,0.1357346019760661,1.124861627598618
1,19,13,1736000,0.0,0.07599771373487729,0.624971379330662
2,19,13,976000,0.0,0.10635629360879936,0.8746759080656147
3,19,13,596000,0.0,0.13627017146493914,1.1248895184267131
1,19,14,1738000,0.0,0.07588081632290042,0.6246918031756096
2,19,14,978000,0.0,0.10582048161104929,0.8750628538857277
3,19,14,598000,0.0,0.13647685526318343,1.124961940365302
1,19,15,1740000,0.0,0.0752996718298894,0.6247014907412385
2,19,15,980000,0.0,0.10611239179167328,0.8754688940199022
3,19,15,600000,0.0,0.13655634391688587,1.1250071375582293
1,19,16,1742000,0.0,0.0758524346934186,0.625501600265236
2,19,16,982000,0.0,0.1057313671506772,0.8752690444924126
3,19,16,602000,0.0,0.13727809419225284,1.125636819225536
1,19,17,1744000,0.0,0.07523688307318875,0.6248379561178126
2,19,17,984000,0.0,0.10631979936053779,0.8749553341922113
3,19,17,604000,0.0,0.13712778934058736,1.125583809413898
1,19,18,1746000,0.0,0.07574292072076404,0.6252577419754012
2,19,18,986000,0.0,0.10566906028250397,0.874911066692882
3,19,18,606000,0.0,0.13628996358958356,1.1250704340030069
1,19,19,1748000,0.0,0.07592080325980997,0.6248492970787503
2,19,19,988000,0.0,0.10614699333783528,0.8746417120781191
3,19,19,608000,0.0,0.13632133470557234,1.1248423903822575
1,19,20,1750000,0.0,0.07537015195796146,0.6248931960366307
2,19,20,990000,0.0,0.10574967260696107,0.8746419384606519
3,19,20,610000,0.0,0.1361577273803809,1.1247962453763674
1,20,1,1802000,0.0,0.07212761729193048,0.6250164206307511
2,20,1,1002000,0.0,0.10087836890367283,0.8750392823284643
3,20,1,602000,0.0,0.12965692787959587,1.1248818823003839
1,20,2,1804000,0.0,0.072136797657532,0.6254744278594182
2,20,2,1004000,0.0,0.10079759219334716,0.8747114620522859
3,20,2,604000,0.0,0.1300636349727355,1.1251023219635312
1,20,3,1806000,0.0,0.07226367713429253,0.6242756097529246
2,20,3,1006000,0.0,0.10051737913176743,0.8749899320398051
3,20,3,606000,0.0,0.12981583859055976,1.124596714463599
1,20,4,1808000,0.0,0.07259313463277299,0.6254270093797437
2,20,4,1008000,0.0,0.10059169949049569,0.8749193760746427
3,20,4,608000,0.0,0.1301216304240514,1.1253905915558333
1,20,5,1810000,0.0,0.07151302442965324,0.6248074674884291
2,20,5,1010000,0.0,0.10070556382060396,0.8755481252988928
3,20,5,610000,0.0,0.1299122379564882,1.1255601666886208
1,20,6,1812000,0.0,0.0725251865304869,0.6255154276228636
2,20,6,1012000,0.0,0.1007445257397461,0.8751741095905661
3,20,6,612000,0.0,0.13018060488336022,1.1258469588507418
1,20,7,1814000,0.0,0.07230493292162622,0.6250115578081926
2,20,7,1014000,0.0,0.10051341397119336,0.8747525241869337
3,20,7,614000,0.0,0.1295119857624007,1.124701812451697
1,20,8,1816000,0.0,0.07218208459319346,0.624721195474632
2,20,8,1016000,0.0,0.10119955883268009,0.8750313555092455
3,20,8,616000,0.0,0.12958470107965686,1.124792838254988
1,20,9,1818000,0.0,0.07161062532672012,0.6245679513219637
2,20,9,1018000,0.0,0.10064256842017764,0.8753481646990153
3,20,9,618000,0.0,0.12954420511527415,1.1253966483289477
1,20,10,1820000,0.0,0.07208554878853664,0.6249778393679428
2,20,10,1020000,0.0,0.1009805824137191,0.8745821655301388
3,20,10,620000,0.0,0.12925202708523686,1.1249430865003114
1,20,11,1822000,0.0,0.07182426758046968,0.6246807215466352
2,20,11,1022000,0.0,0.10112874564212664,0.874946680190062
3,20,11,622000,0.0,0.12994895167996312,1.1241979450239974
1,20,12,1824000,0.0,0.07180036170537844,0.624552156593206
2,20,12,1024000,0.0,0.10071907452848876,0.8755171125155969
3,20,12,624000,0.0,0.12989991278069615,1.124857743601266
1,20,13,1826000,0.0,0.07178839611268023,0.625003901462813
2,20,13,1026000,0.0,0.1006351120139795,0.8749718784091208
3,20,13,626000,0.0,0.12935211120366585,1.1250255668644977
1,20,14,1828000,0.0,0.07230654977382606,0.6248171862125537
2,20,14,1028000,0.0,0.10066182203795582,0.8749749761513254
3,20,14,628000,0.0,0.13057173989346899,1.1251359744266112
1,20,15,1830000,0.0,0.07204935514964445,0.6250646344479368
2,20,15,1030000,0.0,0.10113407394742815,0.8753554039853084
3,20,15,630000,0.0,0.12958873052530895,1.124805976933996
1,20,16,1832000,0.0,0.07190361578936236,0.6246215359343847
2,20,16,1032000,0.0,0.1006996636352568,0.8749768512626516
3,20,16,632000,0.0,0.12892543804151652,1.1250388328904184
1,20,17,1834000,0.0,0.0717931827742982,0.6251155686270954
2,20,17,1034000,0.0,0.10123136039800833,0.8748181759442917
3,20,17,634000,0.0,0.12941514179283167,1.1249193198783527
1,20,18,1836000,0.0,0.07212178593050421,0.6249627704283797
2,20,18,1036000,0.0,0.10087762960212006,0.874972214357953
3,20,18,636000,0.0,0.12903537150132488,1.1249253572093085
1,20,19,1838000,0.0,0.07178481117239931,0.6249141108040923
2,20,19,1038000,0.0,0.1012115867107494,0.8755567088122148
3,20,19,638000,0.0,0.12950470403130107,1.1248736362288443
1,20,20,1840000,0.0,0.07210090475250727,0.6247184542747198
2,20,20,1040000,0.0,0.10118078737698441,0.8751929909512188
3,20,20,640000,0.0,0.12969114140644308,1.1243875670444567